{"type":"Topology","objects":{"neighborhood":{"type":"GeometryCollection","geometries":[{"type":"Polygon","properties":{"STATE":"NY","COUNTY":"New York","CITY":"New York City-Manhattan","NAME":"West Village","REGIONID":270964},"arcs":[[0,1]]},{"type":"Polygon","properties":{"STATE":"NY","COUNTY":"Kings","CITY":"New York City-Brooklyn","NAME":"Bensonhurst","REGIONID":193285},"arcs":[[2,3,4,5]]},{"type":"Polygon","properties":{"STATE":"NY","COUNTY":"New York","CITY":"New York City-Manhattan","NAME":"East Village","REGIONID":270829},"arcs":[[6,7]]},{"type":"Polygon","properties":{"STATE":"NY","COUNTY":"Queens","CITY":"New York City-Queens","NAME":"Auburndale","REGIONID":270797},"arcs":[[8,9,10]]},{"type":"Polygon","properties":{"STATE":"NY","COUNTY":"New York","CITY":"New York City-Manhattan","NAME":"Battery Park","REGIONID":272869},"arcs":[[11]]},{"type":"Polygon","properties":{"STATE":"NY","COUNTY":"Bronx","CITY":"New York City-Bronx","NAME":"Throggs Neck","REGIONID":343210},"arcs":[[12]]},{"type":"Polygon","properties":{"STATE":"NY","COUNTY":"New York","CITY":"New York City-Manhattan","NAME":"Carnegie Hill","REGIONID":270810},"arcs":[[13,14,15]]},{"type":"MultiPolygon","properties":{"STATE":"NY","COUNTY":"Queens","CITY":"New York City-Queens","NAME":"College Point","REGIONID":193942},"arcs":[[[16]],[[17]],[[18]],[[19]]]},{"type":"Polygon","properties":{"STATE":"NY","COUNTY":"Queens","CITY":"New York City-Queens","NAME":"Douglastown-Little Neck","REGIONID":273478},"arcs":[[20,21]]},{"type":"Polygon","properties":{"STATE":"NY","COUNTY":"Queens","CITY":"New York City-Queens","NAME":"Queens Village","REGIONID":275115},"arcs":[[22,23,-21,24]]},{"type":"Polygon","properties":{"STATE":"NY","COUNTY":"Bronx","CITY":"New York City-Bronx","NAME":"Morris Park","REGIONID":343212},"arcs":[[25,26,27,28]]},{"type":"Polygon","properties":{"STATE":"NY","COUNTY":"New York","CITY":"New York City-Manhattan","NAME":"Gramercy","REGIONID":273860},"arcs":[[29,30,31,32]]},{"type":"Polygon","properties":{"STATE":"NY","COUNTY":"Bronx","CITY":"New York City-Bronx","NAME":"Baychester","REGIONID":343223},"arcs":[[33,34,35]]},{"type":"Polygon","properties":{"STATE":"NY","COUNTY":"Queens","CITY":"New York City-Queens","NAME":"Middle Village","REGIONID":196338},"arcs":[[36,37]]},{"type":"Polygon","properties":{"STATE":"NY","COUNTY":"Bronx","CITY":"New York City-Bronx","NAME":"Fordham","REGIONID":343214},"arcs":[[38]]},{"type":"Polygon","properties":{"STATE":"NY","COUNTY":"Bronx","CITY":"New York City-Bronx","NAME":"Spuyten Duyvil","REGIONID":343218},"arcs":[[39,40,41]]},{"type":"Polygon","properties":{"STATE":"NY","COUNTY":"New York","CITY":"New York City-Manhattan","NAME":"Soho","REGIONID":270928},"arcs":[[42]]},{"type":"Polygon","properties":{"STATE":"NY","COUNTY":"Queens","CITY":"New York City-Queens","NAME":"Woodside","REGIONID":199091},"arcs":[[43,44,45]]},{"type":"MultiPolygon","properties":{"STATE":"NY","COUNTY":"Queens","CITY":"New York City-Queens","NAME":"Rosedale","REGIONID":275247},"arcs":[[[46]],[[47]]]},{"type":"Polygon","properties":{"STATE":"NY","COUNTY":"Bronx","CITY":"New York City-Bronx","NAME":"Mott Haven","REGIONID":343204},"arcs":[[48,49]]},{"type":"Polygon","properties":{"STATE":"NY","COUNTY":"Queens","CITY":"New York City-Queens","NAME":"Nkew Gardens","REGIONID":274676},"arcs":[[50,51,52,53,54,55]]},{"type":"Polygon","properties":{"STATE":"NY","COUNTY":"Kings","CITY":"New York City-Brooklyn","NAME":"Mapleton-Flatlands","REGIONID":274415},"arcs":[[56,57,58]]},{"type":"Polygon","properties":{"STATE":"NY","COUNTY":"Kings","CITY":"New York City-Brooklyn","NAME":"Bay Ridge","REGIONID":193189},"arcs":[[59,60]]},{"type":"Polygon","properties":{"STATE":"NY","COUNTY":"Bronx","CITY":"New York City-Bronx","NAME":"Williams Bridge","REGIONID":343222},"arcs":[[-34,61]]},{"type":"Polygon","properties":{"STATE":"NY","COUNTY":"Kings","CITY":"New York City-Brooklyn","NAME":"Boerum Hill","REGIONID":272994},"arcs":[[62,63,64,65]]},{"type":"MultiPolygon","properties":{"STATE":"NY","COUNTY":"Queens","CITY":"New York City-Queens","NAME":"Whitestone","REGIONID":276060},"arcs":[[[66]],[[67]]]},{"type":"Polygon","properties":{"STATE":"NY","COUNTY":"New York","CITY":"New York City-Manhattan","NAME":"Murray Hill","REGIONID":274627},"arcs":[[68,69,70,-30]]},{"type":"Polygon","properties":{"STATE":"NY","COUNTY":"Kings","CITY":"New York City-Brooklyn","NAME":"Cobble Hill","REGIONID":270816},"arcs":[[-66,71]]},{"type":"Polygon","properties":{"STATE":"NY","COUNTY":"Kings","CITY":"New York City-Brooklyn","NAME":"Downtown","REGIONID":270825},"arcs":[[72,-63]]},{"type":"Polygon","properties":{"STATE":"NY","COUNTY":"Bronx","CITY":"New York City-Bronx","NAME":"Union Port","REGIONID":343209},"arcs":[[73]]},{"type":"Polygon","properties":{"STATE":"NY","COUNTY":"Queens","CITY":"New York City-Queens","NAME":"Woodhaven-Richmond Hill","REGIONID":276128},"arcs":[[74]]},{"type":"MultiPolygon","properties":{"STATE":"NY","COUNTY":"Kings","CITY":"New York City-Brooklyn","NAME":"Coney Island","REGIONID":193974},"arcs":[[[75]],[[76]],[[77]],[[78]]]},{"type":"Polygon","properties":{"STATE":"NY","COUNTY":"Bronx","CITY":"New York City-Bronx","NAME":"Soundview","REGIONID":343205},"arcs":[[79]]},{"type":"Polygon","properties":{"STATE":"NY","COUNTY":"Queens","CITY":"New York City-Queens","NAME":"Jamaica","REGIONID":195621},"arcs":[[80,81,82,83,84,85]]},{"type":"Polygon","properties":{"STATE":"NY","COUNTY":"Queens","CITY":"New York City-Queens","NAME":"Laurelton","REGIONID":274285},"arcs":[[86,87,88]]},{"type":"Polygon","properties":{"STATE":"NY","COUNTY":"New York","CITY":"New York City-Manhattan","NAME":"Little Italy","REGIONID":270873},"arcs":[[89,90]]},{"type":"Polygon","properties":{"STATE":"NY","COUNTY":"Kings","CITY":"New York City-Brooklyn","NAME":"Sunset Park","REGIONID":270945},"arcs":[[91,92]]},{"type":"Polygon","properties":{"STATE":"NY","COUNTY":"Kings","CITY":"New York City-Brooklyn","NAME":"Borough Park","REGIONID":193406},"arcs":[[93,94,95,96]]},{"type":"Polygon","properties":{"STATE":"NY","COUNTY":"Queens","CITY":"New York City-Queens","NAME":"Jackson Heights","REGIONID":274117},"arcs":[[97]]},{"type":"Polygon","properties":{"STATE":"NY","COUNTY":"Kings","CITY":"New York City-Brooklyn","NAME":"East Brooklyn","REGIONID":273532},"arcs":[[98,99,100]]},{"type":"Polygon","properties":{"STATE":"NY","COUNTY":"Kings","CITY":"New York City-Brooklyn","NAME":"Bedford-Stuyvesant","REGIONID":272902},"arcs":[[101,102,103,104,105]]},{"type":"Polygon","properties":{"STATE":"NY","COUNTY":"Queens","CITY":"New York City-Queens","NAME":"Maspeth","REGIONID":196238},"arcs":[[106]]},{"type":"Polygon","properties":{"STATE":"NY","COUNTY":"New York","CITY":"New York City-Manhattan","NAME":"Central Park","REGIONID":273205},"arcs":[[107,108,109]]},{"type":"Polygon","properties":{"STATE":"NY","COUNTY":"Kings","CITY":"New York City-Brooklyn","NAME":"Flatbush","REGIONID":194737},"arcs":[[110]]},{"type":"Polygon","properties":{"STATE":"NY","COUNTY":"Bronx","CITY":"New York City-Bronx","NAME":"Morris Heights","REGIONID":343216},"arcs":[[111,112]]},{"type":"Polygon","properties":{"STATE":"NY","COUNTY":"Queens","CITY":"New York City-Queens","NAME":"Glendale","REGIONID":276345},"arcs":[[113,114,115]]},{"type":"Polygon","properties":{"STATE":"NY","COUNTY":"Bronx","CITY":"New York City-Bronx","NAME":"Country Club","REGIONID":343226},"arcs":[[116,117]]},{"type":"Polygon","properties":{"STATE":"NY","COUNTY":"New York","CITY":"New York City-Manhattan","NAME":"Greenwich Village","REGIONID":195133},"arcs":[[-1,118,119,120]]},{"type":"Polygon","properties":{"STATE":"NY","COUNTY":"Kings","CITY":"New York City-Brooklyn","NAME":"Park Slope","REGIONID":197044},"arcs":[[121,122,123,124]]},{"type":"Polygon","properties":{"STATE":"NY","COUNTY":"New York","CITY":"New York City-Manhattan","NAME":"Midtown","REGIONID":270885},"arcs":[[125,126,127,128,129]]},{"type":"Polygon","properties":{"STATE":"NY","COUNTY":"New York","CITY":"New York City-Manhattan","NAME":"Morningside Heights","REGIONID":270891},"arcs":[[130,131]]},{"type":"Polygon","properties":{"STATE":"NY","COUNTY":"New York","CITY":"New York City-Manhattan","NAME":"Harlem","REGIONID":195267},"arcs":[[132,133,134,135,136]]},{"type":"MultiPolygon","properties":{"STATE":"NY","COUNTY":"Queens","CITY":"New York City-Queens","NAME":"Steinway","REGIONID":198200},"arcs":[[[137]],[[138]],[[139]]]},{"type":"Polygon","properties":{"STATE":"NY","COUNTY":"Queens","CITY":"New York City-Queens","NAME":"Flushing","REGIONID":194755},"arcs":[[140,141,142,-52,143,144]]},{"type":"Polygon","properties":{"STATE":"NY","COUNTY":"Kings","CITY":"New York City-Brooklyn","NAME":"Williamsburg","REGIONID":199001},"arcs":[[145]]},{"type":"Polygon","properties":{"STATE":"NY","COUNTY":"New York","CITY":"New York City-Manhattan","NAME":"Hamilton Heights","REGIONID":270850},"arcs":[[146,147]]},{"type":"Polygon","properties":{"STATE":"NY","COUNTY":"Bronx","CITY":"New York City-Bronx","NAME":"Kings Bridge","REGIONID":343220},"arcs":[[148,149,150]]},{"type":"Polygon","properties":{"STATE":"NY","COUNTY":"Bronx","CITY":"New York City-Bronx","NAME":"University Heights","REGIONID":343213},"arcs":[[151,152,153]]},{"type":"Polygon","properties":{"STATE":"NY","COUNTY":"Kings","CITY":"New York City-Brooklyn","NAME":"Canarsie","REGIONID":193640},"arcs":[[154,155,156,157]]},{"type":"Polygon","properties":{"STATE":"NY","COUNTY":"Kings","CITY":"New York City-Brooklyn","NAME":"Greenwood","REGIONID":273903},"arcs":[[158,159,160]]},{"type":"Polygon","properties":{"STATE":"NY","COUNTY":"Bronx","CITY":"New York City-Bronx","NAME":"City Island","REGIONID":343207},"arcs":[[161]]},{"type":"Polygon","properties":{"STATE":"NY","COUNTY":"Queens","CITY":"New York City-Queens","NAME":"Saintalbans","REGIONID":275552},"arcs":[[-84,162,163,164,165]]},{"type":"Polygon","properties":{"STATE":"NY","COUNTY":"New York","CITY":"New York City-Manhattan","NAME":"Tribeca","REGIONID":270951},"arcs":[[166,167,168]]},{"type":"Polygon","properties":{"STATE":"NY","COUNTY":"Kings","CITY":"New York City-Brooklyn","NAME":"Gravesend-Sheepshead Bay","REGIONID":273871},"arcs":[[169,170,171]]},{"type":"MultiPolygon","properties":{"STATE":"NY","COUNTY":"Kings","CITY":"New York City-Brooklyn","NAME":"Red Hook","REGIONID":197427},"arcs":[[[172]],[[173]],[[174]],[[175]],[[176]],[[177]],[[178]],[[179]],[[180]],[[181]],[[182]],[[183]],[[184]],[[185]],[[186]],[[187]]]},{"type":"Polygon","properties":{"STATE":"NY","COUNTY":"Kings","CITY":"New York City-Brooklyn","NAME":"Carroll Gardens","REGIONID":270811},"arcs":[[188,189,190]]},{"type":"Polygon","properties":{"STATE":"NY","COUNTY":"Queens","CITY":"New York City-Queens","NAME":"Queensboro Hill","REGIONID":270916},"arcs":[[191,192,193,194,-142,195]]},{"type":"Polygon","properties":{"STATE":"NY","COUNTY":"Queens","CITY":"New York City-Queens","NAME":"Springfield Gardens","REGIONID":275518},"arcs":[[196,197,198]]},{"type":"Polygon","properties":{"STATE":"NY","COUNTY":"New York","CITY":"New York City-Manhattan","NAME":"North Sutton Area","REGIONID":274748},"arcs":[[199,200,-126]]},{"type":"Polygon","properties":{"STATE":"NY","COUNTY":"Queens","CITY":"New York City-Queens","NAME":"Astoria-Long Island City","REGIONID":272816},"arcs":[[201,202,203]]},{"type":"Polygon","properties":{"STATE":"NY","COUNTY":"New York","CITY":"New York City-Manhattan","NAME":"Upper East Side","REGIONID":270957},"arcs":[[204,205,-14,206]]},{"type":"Polygon","properties":{"STATE":"NY","COUNTY":"Kings","CITY":"New York City-Brooklyn","NAME":"Dyker Heights","REGIONID":194318},"arcs":[[207,-3,208]]},{"type":"Polygon","properties":{"STATE":"NY","COUNTY":"New York","CITY":"New York City-Manhattan","NAME":"Financial District","REGIONID":270835},"arcs":[[-169,209,210]]},{"type":"Polygon","properties":{"STATE":"NY","COUNTY":"New York","CITY":"New York City-Manhattan","NAME":"Inwood","REGIONID":195576},"arcs":[[211,212,213]]},{"type":"Polygon","properties":{"STATE":"NY","COUNTY":"Bronx","CITY":"New York City-Bronx","NAME":"Bedford Park","REGIONID":343221},"arcs":[[-149,214,215]]},{"type":"Polygon","properties":{"STATE":"NY","COUNTY":"Queens","CITY":"New York City-Queens","NAME":"Sunny Side","REGIONID":275620},"arcs":[[-202,216,217]]},{"type":"Polygon","properties":{"STATE":"NY","COUNTY":"New York","CITY":"New York City-Manhattan","NAME":"Chelsea","REGIONID":276254},"arcs":[[218,219]]},{"type":"Polygon","properties":{"STATE":"NY","COUNTY":"New York","CITY":"New York City-Manhattan","NAME":"Lower East Side","REGIONID":270875},"arcs":[[-210,220,221,222]]},{"type":"Polygon","properties":{"STATE":"NY","COUNTY":"Bronx","CITY":"New York City-Bronx","NAME":"Wakefield-Williamsbridge","REGIONID":343225},"arcs":[[223,224]]},{"type":"Polygon","properties":{"STATE":"NY","COUNTY":"Bronx","CITY":"New York City-Bronx","NAME":"Hunts Point","REGIONID":343203},"arcs":[[225,226]]},{"type":"Polygon","properties":{"STATE":"NY","COUNTY":"New York","CITY":"New York City-Manhattan","NAME":"Chinatown","REGIONID":193821},"arcs":[[227,228]]},{"type":"Polygon","properties":{"STATE":"NY","COUNTY":"Queens","CITY":"New York City-Queens","NAME":"Ridgewood","REGIONID":275173},"arcs":[[229,230,-37,231,-115]]},{"type":"Polygon","properties":{"STATE":"NY","COUNTY":"Queens","CITY":"New York City-Queens","NAME":"Forest Hills","REGIONID":273757},"arcs":[[232,-56,233,234]]},{"type":"Polygon","properties":{"STATE":"NY","COUNTY":"New York","CITY":"New York City-Manhattan","NAME":"Washington Heights","REGIONID":198687},"arcs":[[235,236,237]]},{"type":"Polygon","properties":{"STATE":"NY","COUNTY":"Kings","CITY":"New York City-Brooklyn","NAME":"Brownsville","REGIONID":193526},"arcs":[[238,239,-158,240]]},{"type":"Polygon","properties":{"STATE":"NY","COUNTY":"Kings","CITY":"New York City-Brooklyn","NAME":"Bushwick","REGIONID":193587},"arcs":[[241,242,-103]]},{"type":"Polygon","properties":{"STATE":"NY","COUNTY":"Queens","CITY":"New York City-Queens","NAME":"The Rockaways","REGIONID":275720},"arcs":[[243]]},{"type":"Polygon","properties":{"STATE":"NY","COUNTY":"New York","CITY":"New York City-Manhattan","NAME":"Upper West Side","REGIONID":270958},"arcs":[[244,245]]},{"type":"Polygon","properties":{"STATE":"NY","COUNTY":"Kings","CITY":"New York City-Brooklyn","NAME":"Fort Green","REGIONID":273766},"arcs":[[246,-106,247,248]]},{"type":"Polygon","properties":{"STATE":"NY","COUNTY":"New York","CITY":"New York City-Manhattan","NAME":"Clinton","REGIONID":273289},"arcs":[[249]]},{"type":"Polygon","properties":{"STATE":"NY","COUNTY":"New York","CITY":"New York City-Manhattan","NAME":"Yorkville","REGIONID":276174},"arcs":[[250,251,252]]},{"type":"Polygon","properties":{"STATE":"NY","COUNTY":"Queens","CITY":"New York City-Queens","NAME":"Clearview","REGIONID":273278},"arcs":[[253,-193]]},{"type":"Polygon","properties":{"STATE":"NY","COUNTY":"Bronx","CITY":"New York City-Bronx","NAME":"High Bridge","REGIONID":343208},"arcs":[[254]]},{"type":"Polygon","properties":{"STATE":"NY","COUNTY":"Bronx","CITY":"New York City-Bronx","NAME":"Riverdale","REGIONID":343219},"arcs":[[255,256,257]]},{"type":"MultiPolygon","properties":{"STATE":"NY","COUNTY":"Bronx","CITY":"New York City-Bronx","NAME":"Eastchester","REGIONID":343224},"arcs":[[[258,259,260],[261],[262]],[[263]],[[264]]]},{"type":"Polygon","properties":{"STATE":"NY","COUNTY":"Bronx","CITY":"New York City-Bronx","NAME":"Woodlawn-Nordwood","REGIONID":343206},"arcs":[[-257,265,-215]]},{"type":"Polygon","properties":{"STATE":"NY","COUNTY":"Bronx","CITY":"New York City-Bronx","NAME":"Tremont","REGIONID":343215},"arcs":[[266,267,268,269,270]]},{"type":"MultiPolygon","properties":{"STATE":"NY","COUNTY":"Queens","CITY":"New York City-Queens","NAME":"Howard Beach","REGIONID":195489},"arcs":[[[271]],[[272]]]},{"type":"Polygon","properties":{"STATE":"NY","COUNTY":"Queens","CITY":"New York City-Queens","NAME":"Utopia","REGIONID":276623},"arcs":[[-53,-11,273,-82,274]]},{"type":"Polygon","properties":{"STATE":"NY","COUNTY":"Bronx","CITY":"New York City-Bronx","NAME":"Parkchester","REGIONID":343211},"arcs":[[-27,275,276]]},{"type":"MultiPolygon","properties":{"STATE":"NY","COUNTY":"Queens","CITY":"New York City-Queens","NAME":"Bayside","REGIONID":193200},"arcs":[[[277]],[[278]],[[279]]]},{"type":"Polygon","properties":{"STATE":"NY","COUNTY":"Bronx","CITY":"New York City-Bronx","NAME":"South Bronx","REGIONID":343217},"arcs":[[280,281]]},{"type":"Polygon","properties":{"STATE":"NY","COUNTY":"New York","CITY":"New York City-Manhattan","NAME":"Garment District","REGIONID":270842},"arcs":[[282,283,284]]},{"type":"Polygon","properties":{"STATE":"NY","COUNTY":"New York","CITY":"New York City-Manhattan","NAME":"East Harlem","REGIONID":270828},"arcs":[[-252,-133,285]]},{"type":"Polygon","properties":{"STATE":"NY","COUNTY":"Queens","CITY":"New York City-Queens","NAME":"Corona","REGIONID":194032},"arcs":[[286]]}]}},"arcs":[[[1231,5270],[-159,-267]],[[1072,5003],[-257,21],[39,333],[377,-87]],[[590,1625],[659,568]],[[1249,2193],[766,-423]],[[2015,1770],[-449,-41]],[[1566,1729],[-394,-343],[-582,239]],[[1594,5127],[453,-175]],[[2047,4952],[-54,-213],[-554,143],[155,245]],[[6950,5236],[20,635]],[[6970,5871],[665,130],[289,-614]],[[7924,5387],[-974,-151]],[[861,4746],[-55,-220],[-87,-201],[-51,191],[193,230]],[[5841,7647],[105,197],[288,86],[375,-69],[79,-314],[178,37],[291,-267],[-188,-81],[6,24],[-91,78],[50,-95],[425,-195],[-775,217],[-597,-211],[-146,593]],[[2654,6528],[-133,-173],[-146,60]],[[2375,6415],[138,169]],[[2513,6584],[141,-56]],[[5867,6790],[-5,10],[23,16],[63,-5],[-81,-21]],[[5512,6595],[-42,2],[7,47],[6,1],[29,-50]],[[5417,6552],[21,22],[42,-1],[-63,-21]],[[5344,6508],[-6,16],[30,31],[32,-8],[-56,-39]],[[8980,4699],[-338,363]],[[8642,5062],[408,322],[-737,514],[75,98],[129,447],[1426,-812],[56,-349],[-229,-313],[-790,-270]],[[9232,3945],[-580,146],[-370,671]],[[8282,4762],[360,300]],[[8980,4699],[150,93],[93,-300],[9,-547]],[[4735,7910],[181,315],[-79,201],[1100,5]],[[5937,8431],[-159,-158]],[[5778,8273],[-783,-213],[-73,-180]],[[4922,7880],[-187,30]],[[1670,5527],[389,-142]],[[2059,5385],[-96,-192],[84,-241]],[[2047,4952],[-635,249]],[[1412,5201],[258,326]],[[5439,8454],[27,428]],[[5466,8882],[253,90]],[[5719,8972],[87,-518],[-367,0]],[[4746,4525],[-264,12],[-205,358]],[[4277,4895],[722,167],[337,-492],[-531,-216],[-59,171]],[[4051,8483],[76,109],[147,170],[458,-233],[-122,-230],[-559,184]],[[3540,9244],[407,-25]],[[3947,9219],[-247,-290]],[[3700,8929],[-281,93],[121,222]],[[1210,4730],[-301,201],[-115,75],[565,-100],[-149,-176]],[[3677,5164],[420,859]],[[4097,6023],[314,-44]],[[4411,5979],[-171,-108],[83,-460],[-646,-247]],[[9263,2974],[0,1],[6,-2],[0,-3],[-17,-33],[11,37]],[[8784,2471],[-43,6],[-2,7],[5,12],[8,13],[32,-38]],[[3203,7483],[847,-175],[38,-285]],[[4088,7023],[-302,-213],[-432,145],[-151,528]],[[5934,4601],[339,194]],[[6273,4795],[-284,564],[961,-123]],[[6950,5236],[-2,-462],[-647,-116]],[[6301,4658],[274,-348]],[[6575,4310],[-567,-94]],[[6008,4216],[-74,385]],[[1515,2047],[301,276],[665,286],[938,58],[-330,-534],[-484,-307]],[[2605,1826],[-590,-56]],[[2015,1770],[-500,277]],[[588,2630],[169,-166]],[[757,2464],[-478,-666],[-227,138],[-52,258],[174,443],[414,-7]],[[5439,8454],[-602,-28],[227,568],[402,-112]],[[1460,3939],[329,-20]],[[1789,3919],[82,-114],[-115,-160]],[[1756,3645],[-384,136]],[[1372,3781],[88,158]],[[6692,6826],[25,26],[28,-24],[-21,4],[-32,-6]],[[6373,6850],[92,68],[12,1],[25,-10],[-129,-59]],[[1670,5527],[108,136]],[[1778,5663],[391,-148]],[[2169,5515],[-110,-130]],[[1372,3781],[-397,109],[135,148],[350,-99]],[[1460,3939],[36,313],[116,-7],[177,-326]],[[5618,7823],[276,188],[16,-574],[-187,-269],[-262,122],[-222,497],[379,36]],[[6575,4310],[182,-326],[-984,-310],[-126,210],[-511,-131],[-93,330],[1532,227]],[[1968,796],[-27,-7],[-61,-7],[-75,1],[163,13]],[[1449,986],[23,-2],[30,3],[9,-1],[16,-4],[13,-8],[15,-2],[13,1],[7,1],[-8,-2],[-19,-1],[-42,16],[-37,-4],[-20,3]],[[1257,1150],[-12,1],[-1,1],[-8,6],[3,15],[18,-23]],[[1234,1194],[-11,-16],[-12,0],[1,17],[22,-1]],[[4735,7910],[499,-94],[89,-210],[368,-573],[-313,13],[-34,138],[-246,1],[-497,341],[134,384]],[[6575,4310],[717,186]],[[7292,4496],[27,218]],[[7319,4714],[749,183],[343,-49],[-554,-246]],[[7857,4602],[85,-165],[-398,-309]],[[7544,4128],[422,-371]],[[7966,3757],[-478,-293],[-462,51],[-451,795]],[[8096,2946],[640,1150]],[[8736,4096],[496,-151]],[[9232,3945],[5,-189],[-840,-987],[-301,177]],[[1440,4882],[-80,-186],[-140,44]],[[1220,4740],[90,94],[130,48]],[[1409,2796],[-485,-423],[-336,257]],[[588,2630],[-439,19],[566,485],[694,-338]],[[1409,2796],[143,-80]],[[1552,2716],[499,179]],[[2051,2895],[128,-418],[-664,-430]],[[1515,2047],[-591,326],[485,423]],[[4411,5979],[542,148],[592,-354],[-612,-44],[123,-202],[-744,-73],[-130,317],[229,208]],[[4236,3627],[841,345]],[[5077,3972],[366,-719],[-233,-143],[105,-134],[-460,-296]],[[4855,2680],[-509,548],[-110,399]],[[2497,4187],[442,56]],[[2939,4243],[1207,-654]],[[4146,3589],[-587,-229]],[[3559,3360],[-1015,52]],[[2544,3412],[78,186],[-125,589]],[[3497,4568],[-194,392],[192,178],[713,176],[376,-346],[-1087,-400]],[[2707,6821],[-703,-869]],[[2004,5952],[-244,89],[681,883]],[[2441,6924],[174,-67],[92,-36]],[[2106,3489],[14,3],[170,-243],[20,-218],[-259,-135],[-224,277],[279,316]],[[3612,8481],[439,-164]],[[4051,8317],[-254,-254],[-472,64],[287,354]],[[5522,4154],[-641,-100],[-639,-322],[-115,141],[-53,131]],[[4074,4004],[345,352]],[[4419,4356],[427,6],[490,208],[186,-416]],[[6444,9067],[105,-570],[-743,-43],[-87,518]],[[5719,8972],[725,95]],[[1231,5270],[363,-143]],[[1594,5127],[-154,-245]],[[1440,4882],[-368,121]],[[1447,3288],[427,521],[242,-310]],[[2116,3499],[-289,-326],[224,-278]],[[2051,2895],[-245,-82]],[[1806,2813],[-40,202],[-319,273]],[[2260,5855],[-95,-120],[170,-67]],[[2335,5668],[-166,-153]],[[2169,5515],[-649,246]],[[1520,5761],[106,134]],[[1626,5895],[-427,162],[105,-27],[16,171],[940,-346]],[[2065,7067],[233,349],[312,-222],[-207,-256]],[[2403,6938],[-338,129]],[[3296,6931],[-386,147],[-203,-257]],[[2707,6821],[-304,117]],[[2403,6938],[532,796]],[[2935,7734],[209,-83]],[[3144,7651],[38,-540],[114,-180]],[[4291,6408],[101,-21],[13,-60],[-7,-5],[-107,86]],[[3689,6539],[-25,-24],[-14,-15],[-5,-18],[-49,-19],[93,76]],[[3689,6539],[37,37],[15,12],[112,70],[238,-37],[183,-114],[-167,-72],[-44,-55],[61,40],[125,32],[41,-27],[-228,-101],[-373,215]],[[6333,6244],[23,-483]],[[6356,5761],[605,-117]],[[6961,5644],[-11,-408]],[[6273,4795],[-171,-55]],[[6102,4740],[-585,1056],[816,448]],[[1652,4176],[-283,167],[464,46],[125,-39],[-22,-128],[160,26],[-153,135],[179,26],[85,303],[1334,-208],[-453,-239],[-817,-112],[-619,23]],[[2676,7837],[259,-103]],[[2935,7734],[-373,-524],[-235,234],[349,393]],[[4329,9194],[-217,-394]],[[4112,8800],[-307,228],[142,191]],[[3947,9219],[-160,19],[542,-44]],[[3612,8481],[327,393]],[[3939,8874],[294,-155],[-295,-362]],[[3938,8357],[-326,124]],[[4434,3102],[421,-422]],[[4855,2680],[-80,-128],[97,-77],[-491,-366],[-658,250],[487,-247],[318,-354],[-339,-75],[-271,-249],[-804,673]],[[3114,2107],[520,307]],[[3634,2414],[-73,275],[570,378],[303,35]],[[1235,3402],[404,-221],[167,-368]],[[1806,2813],[-254,-97]],[[1552,2716],[-699,435],[382,251]],[[7299,8406],[88,73],[141,-186],[28,-394],[-257,507]],[[7857,4602],[425,160]],[[8282,4762],[454,-666]],[[8736,4096],[-275,-430]],[[8461,3666],[-190,-33],[-513,248],[-214,247]],[[841,4643],[-77,268],[446,-181]],[[1210,4730],[-137,-172]],[[1073,4558],[-232,85]],[[1566,1729],[1039,97]],[[2605,1826],[509,281]],[[3114,2107],[480,-402],[-363,-95],[572,-438],[-2229,-180],[-68,133],[-289,-38],[-43,297],[392,345]],[[1158,3375],[-12,-23],[-5,-6],[-25,3],[42,26]],[[1057,3422],[-24,-44],[-2,0],[-93,-1],[119,45]],[[1020,3258],[-22,12],[1,8],[38,-8],[-17,-12]],[[935,3204],[-2,27],[48,2],[-46,-29]],[[853,3150],[-1,0],[-41,24],[-12,5],[-1,4],[55,-33]],[[862,3125],[-39,22],[0,2],[39,-24]],[[808,3089],[-9,63],[1,1],[49,-39],[-41,-25]],[[821,3445],[0,-1],[-3,0],[-4,2],[-7,5],[-27,-13],[21,17],[20,-10]],[[715,3134],[0,1],[61,2],[34,-55],[-95,52]],[[758,3477],[-26,-20],[-10,5],[0,2],[31,25],[5,-12]],[[655,3083],[-2,1],[-1,2],[-1,2],[2,8],[17,0],[-15,-13]],[[627,3059],[-10,7],[4,7],[14,-7],[-8,-7]],[[573,3012],[-12,7],[-1,0],[2,6],[11,-13]],[[545,2989],[-11,6],[0,6],[17,-7],[-6,-5]],[[519,2966],[-11,6],[0,5],[17,-5],[-6,-6]],[[223,2713],[-8,5],[21,6],[-13,-11]],[[1756,3645],[-309,-357]],[[1447,3288],[-212,114]],[[1235,3402],[-114,261],[84,160],[551,-178]],[[6333,6244],[684,114]],[[7017,6358],[438,-432]],[[7455,5926],[-485,-55]],[[6970,5871],[-9,-227]],[[6356,5761],[-74,174],[51,309]],[[7966,3757],[495,-91]],[[8461,3666],[-365,-720]],[[8096,2946],[-720,292],[47,238],[543,281]],[[2260,5855],[177,-69]],[[2437,5786],[-102,-118]],[[3065,5521],[-416,197]],[[2649,5718],[454,363],[20,248],[275,8],[288,-249],[411,-65]],[[4097,6023],[-232,-392],[-800,-110]],[[2437,5786],[-433,166]],[[2004,5952],[371,463]],[[2654,6528],[243,-163],[-460,-579]],[[757,2464],[492,-271]],[[590,1625],[-326,23],[-85,135],[470,392],[108,289]],[[1073,4558],[176,-115]],[[1249,4443],[-464,-196],[56,396]],[[3700,8929],[163,90],[76,-145]],[[3939,8874],[-442,-487]],[[3497,8387],[-313,387],[189,229],[327,-74]],[[4329,9194],[745,-118]],[[5074,9076],[-235,-568],[-727,292]],[[3065,5521],[594,139],[229,-85],[-114,-17],[-97,-394]],[[3677,5164],[-375,-207],[-683,310],[-293,-53],[323,504]],[[1620,5463],[-208,-262]],[[1412,5201],[-552,190],[135,389],[625,-317]],[[1073,4558],[64,95]],[[1137,4653],[291,-47],[12,276]],[[1440,4882],[554,-143],[-207,-256],[-538,-40]],[[6099,9402],[-248,-119]],[[5851,9283],[99,-208],[-441,-205],[-458,153],[450,832],[360,-155],[97,-270],[141,-28]],[[4388,7625],[236,41],[35,-240],[351,-197],[67,-158],[-108,-142],[-393,12],[-150,136],[-338,-54]],[[4088,7023],[-69,211],[373,233],[-4,158]],[[1137,4653],[83,87]],[[1220,4740],[233,-73],[-177,-73],[-139,59]],[[4074,4004],[-577,564]],[[3497,4568],[780,327]],[[4746,4525],[35,-102],[-362,-67]],[[6102,4740],[-168,-139]],[[6008,4216],[-486,-62]],[[5522,4154],[-530,883],[763,239],[347,-536]],[[2676,7837],[98,425],[389,450],[196,-37],[138,-288]],[[3497,8387],[-365,-522],[12,-214]],[[3144,7651],[-468,186]],[[3559,3360],[677,267]],[[4236,3627],[198,-525]],[[3634,2414],[-746,-406],[486,479],[185,873]],[[2939,4243],[568,231],[516,-368],[219,-353],[736,341],[99,-122]],[[5077,3972],[-931,-383]],[[8058,2094],[126,-230],[570,-77],[195,-422],[-2066,-286],[-3965,-1079],[69,338],[272,185],[723,64],[1634,525],[286,-27],[1016,485],[285,-13],[855,537]],[[2441,6924],[-681,-882],[-443,177],[748,848]],[[2065,7067],[376,-143]],[[1652,4176],[845,11]],[[2544,3412],[-428,87]],[[2116,3499],[-464,677]],[[1626,5895],[-213,-270],[-408,164],[290,229],[331,-123]],[[2513,6584],[194,237]],[[2707,6821],[390,-147]],[[3097,6674],[-195,-209],[-389,119]],[[7017,6358],[519,4],[-190,260],[426,169],[460,-681],[-777,-184]],[[3203,7483],[-37,311],[159,333],[472,-64],[-405,-592],[-189,12]],[[3540,9244],[281,755],[725,-185]],[[4546,9814],[63,-308],[-280,-312]],[[4329,9194],[-789,50]],[[6099,9402],[1174,-263],[-312,-395],[-151,70],[202,-148],[362,405],[159,-66],[2,-228],[-272,-97],[36,-136],[-253,-342],[-98,354],[-111,-66],[-265,132],[67,146],[-182,6],[44,109],[-34,348],[-23,-164]],[[6444,9067],[-405,-126],[-188,342]],[[5851,9283],[214,17],[34,102]],[[6946,8802],[18,-35],[18,59],[-7,3],[-29,-27]],[[7487,8829],[-10,-24],[36,8],[-4,4],[-22,12]],[[7289,8403],[95,76],[144,-185],[28,-392],[-267,501]],[[7867,8475],[218,-93],[-120,-53],[45,-212],[-143,358]],[[4546,9814],[774,-202],[-246,-536]],[[3806,8083],[245,234]],[[4051,8317],[-113,40]],[[3938,8357],[113,126]],[[4051,8483],[559,-185],[122,231],[184,-203],[-181,-416]],[[4735,7910],[-929,173]],[[5619,2732],[-9,1],[-4,1],[-30,16],[-45,43],[27,58],[61,-119]],[[5323,2969],[71,-55],[2,-31],[-29,33],[-44,53]],[[7924,5387],[436,-489],[-1041,-184]],[[7292,4496],[-657,-186],[-334,348]],[[5937,8431],[346,-105],[-665,-503],[-696,57]],[[4922,7880],[39,141],[817,252]],[[7605,6766],[-1,1],[-1,2],[0,13],[5,7],[103,29],[53,-14],[31,-27],[-190,-11]],[[7565,6660],[0,1],[9,4],[1,2],[14,7],[13,-5],[0,-1],[7,-5],[-44,-3]],[[7330,6631],[0,1],[15,9],[6,3],[15,3],[65,-2],[-101,-14]],[[3806,8083],[929,-173],[-111,-244],[-236,-41]],[[4388,7625],[37,-179],[-231,-188],[-802,213],[414,612]],[[1520,5761],[258,-98]],[[1778,5663],[-158,-200]],[[1620,5463],[-258,96],[158,202]],[[3296,6931],[-104,-211],[-95,-46]],[[5065,6094],[21,17],[147,-93],[114,-130],[123,-52],[31,1],[35,-10],[7,-3],[14,-9],[-214,51],[-278,228]]],"transform":{"scale":[0.000034207057069336574,0.00003727853958810825],"translate":[-74.0418636363636,40.5426105625147]}}