{"type":"Topology","objects":{"nyz-sim":{"type":"GeometryCollection","geometries":[{"type":"Polygon","arcs":[[0,1]]},{"type":"Polygon","arcs":[[2,3,4,5]]},{"type":"Polygon","arcs":[[6,7]]},{"type":"Polygon","arcs":[[8,9,10]]},{"type":"Polygon","arcs":[[11]]},{"type":"Polygon","arcs":[[12]]},{"type":"Polygon","arcs":[[13]]},{"type":"Polygon","arcs":[[14,15,16]]},{"type":"MultiPolygon","arcs":[[[17]],[[18]],[[19]],[[20]]]},{"type":"Polygon","arcs":[[21,22,23]]},{"type":"Polygon","arcs":[[24,25,26]]},{"type":"Polygon","arcs":[[27,28]]},{"type":"Polygon","arcs":[[29,30,31,-28,32]]},{"type":"Polygon","arcs":[[33,34,35,36]]},{"type":"Polygon","arcs":[[37,38,39,40]]},{"type":"Polygon","arcs":[[41,42,43,44]]},{"type":"Polygon","arcs":[[45,46,47]]},{"type":"Polygon","arcs":[[48,49,50]]},{"type":"Polygon","arcs":[[51]]},{"type":"Polygon","arcs":[[52,53]]},{"type":"Polygon","arcs":[[54,55,56]]},{"type":"Polygon","arcs":[[57,58]]},{"type":"Polygon","arcs":[[59,60,61,62]]},{"type":"MultiPolygon","arcs":[[[63]],[[64]]]},{"type":"Polygon","arcs":[[65,66]]},{"type":"Polygon","arcs":[[-51,67,68,69]]},{"type":"Polygon","arcs":[[70,71,72,73,74,75]]},{"type":"Polygon","arcs":[[76,77,78,79]]},{"type":"Polygon","arcs":[[80,81,82,83]]},{"type":"Polygon","arcs":[[-42,84]]},{"type":"Polygon","arcs":[[85,86,-23]]},{"type":"Polygon","arcs":[[87,88,89,90]]},{"type":"MultiPolygon","arcs":[[[91]],[[92]]]},{"type":"Polygon","arcs":[[93,94,95,-38]]},{"type":"Polygon","arcs":[[-91,96]]},{"type":"Polygon","arcs":[[97,-88]]},{"type":"Polygon","arcs":[[98,99,100]]},{"type":"Polygon","arcs":[[101,102,103,104]]},{"type":"Polygon","arcs":[[105]]},{"type":"MultiPolygon","arcs":[[[106]],[[107]],[[108]],[[109]]]},{"type":"Polygon","arcs":[[110,111]]},{"type":"Polygon","arcs":[[112,113,114,115,116,117]]},{"type":"Polygon","arcs":[[118,119,120]]},{"type":"Polygon","arcs":[[121,122,123]]},{"type":"Polygon","arcs":[[124,125]]},{"type":"Polygon","arcs":[[126,127,128,-77,129]]},{"type":"Polygon","arcs":[[130]]},{"type":"Polygon","arcs":[[131,132,133]]},{"type":"Polygon","arcs":[[134,135,136,137,138]]},{"type":"Polygon","arcs":[[139,140,141]]},{"type":"Polygon","arcs":[[142,143,144]]},{"type":"Polygon","arcs":[[145]]},{"type":"Polygon","arcs":[[146,147,148]]},{"type":"Polygon","arcs":[[-27,149,150]]},{"type":"Polygon","arcs":[[151,152,153]]},{"type":"Polygon","arcs":[[154,-44,155,156]]},{"type":"Polygon","arcs":[[-1,157,158,159]]},{"type":"Polygon","arcs":[[160,161,162,163,164]]},{"type":"Polygon","arcs":[[165,166,167,168,169]]},{"type":"Polygon","arcs":[[170,171]]},{"type":"Polygon","arcs":[[172,173,174,175,176,-102]]},{"type":"Polygon","arcs":[[177,178,179,180,181]]},{"type":"Polygon","arcs":[[182]]},{"type":"MultiPolygon","arcs":[[[183]],[[184]],[[185]]]},{"type":"Polygon","arcs":[[186,187,-72,188,189]]},{"type":"Polygon","arcs":[[190,191]]},{"type":"Polygon","arcs":[[192,193,194,195,196,197]]},{"type":"Polygon","arcs":[[198,199]]},{"type":"Polygon","arcs":[[200,201,202,203]]},{"type":"Polygon","arcs":[[204,205,206,-147]]},{"type":"Polygon","arcs":[[207,208,209,210]]},{"type":"Polygon","arcs":[[211,-164,212,213]]},{"type":"Polygon","arcs":[[214]]},{"type":"Polygon","arcs":[[-116,215,-31,216,217,218,219]]},{"type":"Polygon","arcs":[[-69,220,221]]},{"type":"Polygon","arcs":[[222,223,-59,224,225]]},{"type":"Polygon","arcs":[[226,227,228]]},{"type":"MultiPolygon","arcs":[[[229]],[[230]],[[231]],[[232]],[[233]],[[234]],[[235]],[[236]],[[237]],[[238]],[[239]],[[240]],[[241]],[[242]],[[243]],[[244]]]},{"type":"Polygon","arcs":[[245,246,247,248]]},{"type":"Polygon","arcs":[[249,250,251]]},{"type":"Polygon","arcs":[[252,253,254,255,-187]]},{"type":"Polygon","arcs":[[256,-219,257,258]]},{"type":"Polygon","arcs":[[259,260,-166]]},{"type":"Polygon","arcs":[[261,262,263]]},{"type":"Polygon","arcs":[[264,265,-15,266]]},{"type":"Polygon","arcs":[[267,-82,268,-3,269]]},{"type":"Polygon","arcs":[[-226,270,271]]},{"type":"Polygon","arcs":[[272,273,274,275]]},{"type":"Polygon","arcs":[[-202,276,277,278]]},{"type":"Polygon","arcs":[[-262,279,-60,280,281]]},{"type":"Polygon","arcs":[[282,283]]},{"type":"Polygon","arcs":[[-271,284,285,-122,286]]},{"type":"Polygon","arcs":[[287,288,289]]},{"type":"Polygon","arcs":[[290,-248,291]]},{"type":"Polygon","arcs":[[292]]},{"type":"Polygon","arcs":[[293,294,295,296]]},{"type":"Polygon","arcs":[[297,298]]},{"type":"Polygon","arcs":[[299,300]]},{"type":"Polygon","arcs":[[301,302,-141,303,-46,304,-153]]},{"type":"Polygon","arcs":[[305,-76,306,307,308]]},{"type":"Polygon","arcs":[[309,-275,310,311]]},{"type":"Polygon","arcs":[[312,313,-211,314]]},{"type":"Polygon","arcs":[[315,316,317,318,-136]]},{"type":"Polygon","arcs":[[319]]},{"type":"Polygon","arcs":[[320]]},{"type":"Polygon","arcs":[[321,322]]},{"type":"Polygon","arcs":[[323,324]]},{"type":"Polygon","arcs":[[325,-176,326,327]]},{"type":"Polygon","arcs":[[328,-139,329,330]]},{"type":"Polygon","arcs":[[331]]},{"type":"Polygon","arcs":[[332]]},{"type":"Polygon","arcs":[[333,334,335]]},{"type":"Polygon","arcs":[[336,-254]]},{"type":"Polygon","arcs":[[337]]},{"type":"Polygon","arcs":[[338,339,-201,340]]},{"type":"MultiPolygon","arcs":[[[341,342,-288],[343],[344]],[[345]],[[346]]]},{"type":"Polygon","arcs":[[-340,347,-277]]},{"type":"Polygon","arcs":[[348,349,350,351,352,353]]},{"type":"MultiPolygon","arcs":[[[354]],[[355]]]},{"type":"Polygon","arcs":[[356,-53,357,358]]},{"type":"Polygon","arcs":[[-73,-11,359,-114,360]]},{"type":"Polygon","arcs":[[-35,361,362,363]]},{"type":"MultiPolygon","arcs":[[[364]],[[365]],[[366]]]},{"type":"Polygon","arcs":[[367,368,369,-195,370]]},{"type":"Polygon","arcs":[[371,372,-296,373]]},{"type":"Polygon","arcs":[[374,375,376]]},{"type":"Polygon","arcs":[[-335,-178,377]]},{"type":"Polygon","arcs":[[378,-357,379,380,381]]},{"type":"Polygon","arcs":[[382]]}]}},"arcs":[[[4612,5793],[-98,-238]],[[4514,5555],[-158,19],[48,41],[-64,39],[76,7],[-56,-3],[56,18],[-53,9],[52,6],[-46,18],[47,8],[-41,64],[53,72],[-49,-1],[51,20],[-51,-2],[52,13],[181,-90]],[[4218,2550],[404,506]],[[4622,3056],[471,-376]],[[5093,2680],[-276,-37]],[[4817,2643],[-242,-305],[-357,212]],[[4834,5665],[279,-155]],[[5113,5510],[-34,-190],[-340,127],[95,218]],[[8125,5762],[13,565]],[[8138,6327],[408,115],[178,-545]],[[8724,5897],[-599,-135]],[[3510,2647],[10,-19],[-84,-54],[-5,10],[-2,-1],[-1,2],[82,62]],[[4384,5327],[-34,-196],[-53,-179],[-32,170],[87,41],[-61,15],[29,150],[64,-1]],[[7444,7907],[65,175],[177,77],[230,-62],[49,-279],[109,33],[63,-172],[116,-65],[-116,-73],[4,22],[-56,69],[31,-85],[261,-173],[-476,193],[-243,-73],[-21,-129],[-103,14],[-64,147],[32,238],[-58,143]],[[5486,6911],[-82,-153],[-90,53]],[[5314,6811],[85,151]],[[5399,6962],[87,-51]],[[7460,7144],[-3,10],[14,14],[38,-4],[-49,-20]],[[7242,6971],[-26,2],[4,42],[4,1],[18,-45]],[[7183,6933],[13,20],[26,-1],[-39,-19]],[[7138,6894],[-3,14],[18,28],[20,-8],[-35,-34]],[[1622,3495],[235,-83],[184,31]],[[2041,3443],[-61,-374]],[[1980,3069],[-146,-385],[-313,-86],[53,380],[48,517]],[[363,1340],[136,91],[159,-40],[232,101],[171,-363]],[[1061,1129],[-479,-66]],[[582,1063],[-219,277]],[[9373,5285],[-208,323]],[[9165,5608],[251,286],[-453,457],[-21,83],[67,4],[3,275],[76,123],[877,-723],[34,-310],[-141,-278],[-385,-120],[-100,-120]],[[9528,4614],[-357,130]],[[9171,4744],[-227,596]],[[8944,5340],[221,268]],[[9373,5285],[92,82],[57,-266],[6,-487]],[[6764,8141],[112,280],[-49,179],[676,4]],[[7503,8604],[-98,-140]],[[7405,8464],[-481,-190],[-45,-160]],[[6879,8114],[-115,27]],[[4881,6021],[239,-126]],[[5120,5895],[-59,-171],[57,-19],[-47,-4],[42,-191]],[[5113,5510],[-391,221]],[[4722,5731],[159,290]],[[7197,8625],[16,380]],[[7213,9005],[156,80]],[[7369,9085],[79,-207]],[[7448,8878],[-25,-253],[-226,0]],[[6771,5130],[-162,11],[-122,203],[-4,115]],[[6483,5459],[444,149],[32,-173]],[[6959,5435],[175,-265],[-326,-192],[-37,152]],[[1756,1750],[121,43]],[[1877,1793],[695,-619],[-147,-72],[-286,-308],[-46,144],[101,9],[108,154],[-73,79],[-123,-37],[-31,-160]],[[2075,983],[-131,177],[-188,590]],[[6344,8651],[47,97],[90,151],[187,-71],[94,-137],[-75,-205],[-343,165]],[[3379,3379],[-189,6],[-479,-461]],[[2711,2924],[-319,244],[-74,273],[296,123],[586,92],[179,-277]],[[6030,9328],[250,-23]],[[6280,9305],[-151,-258]],[[6129,9047],[-173,83],[74,198]],[[4414,5491],[-82,11],[60,8],[-49,48],[347,-89],[-92,-156]],[[4598,5313],[-184,178]],[[6114,5698],[60,351]],[[6174,6049],[64,-14],[135,427]],[[6373,6462],[192,-39]],[[6565,6423],[-105,-95],[-36,-137],[87,-273],[-116,-132],[-281,-88]],[[9547,3751],[3,-2],[0,-2],[-10,-29],[7,33]],[[9253,3303],[-27,6],[-1,5],[3,11],[5,12],[20,-34]],[[5823,7761],[521,-155],[23,-255]],[[6367,7351],[-185,-189],[-266,130],[-82,155],[-11,314]],[[2075,983],[-80,-113],[-204,-80]],[[1791,790],[-238,361],[-172,101]],[[1381,1252],[109,272],[48,55],[70,-54],[37,195],[111,30]],[[7501,5198],[26,89],[182,83]],[[7709,5370],[-149,279],[-25,223],[590,-110]],[[8125,5762],[-1,-411],[-397,-102]],[[7727,5249],[168,-310]],[[7895,4939],[-348,-84]],[[7547,4855],[-46,343]],[[4785,2926],[186,245]],[[4971,3171],[408,255],[577,51],[-203,-475],[-298,-273]],[[5455,2729],[-362,-49]],[[5093,2680],[-308,246]],[[4216,3445],[104,-148]],[[4320,3297],[-66,-257]],[[4254,3040],[-228,-336],[-61,-13]],[[3965,2691],[-78,135],[-32,230],[90,348],[-34,15],[51,31],[254,-5]],[[7197,8625],[-370,-25],[79,428],[60,77],[247,-100]],[[2041,3443],[256,30],[130,-337]],[[2427,3136],[-447,-67]],[[4752,4609],[202,-18]],[[4954,4591],[51,-102],[-71,-142]],[[4934,4347],[-236,121]],[[4698,4468],[54,141]],[[7967,7177],[15,23],[18,-22],[-14,4],[-19,-5]],[[7771,7198],[56,61],[8,0],[15,-8],[-79,-53]],[[4881,6021],[66,122]],[[4947,6143],[241,-132]],[[5188,6011],[-68,-116]],[[4698,4468],[-244,97],[83,132],[215,-88]],[[4752,4609],[-37,13],[59,265],[71,-6],[109,-290]],[[7444,7907],[43,-187],[-116,-239],[-161,108]],[[7210,7589],[-136,443]],[[7074,8032],[233,31],[169,168],[21,-162],[-53,-162]],[[889,1093],[75,-235]],[[964,858],[-372,-133]],[[592,725],[-10,338]],[[582,1063],[307,30]],[[7895,4939],[112,-290],[-605,-276],[-77,187],[-314,-117],[-57,294],[941,202]],[[5064,1813],[-17,-6],[-37,-6],[-46,0],[100,12]],[[4745,1982],[14,-2],[19,3],[6,-1],[9,-4],[8,-6],[9,-2],[8,0],[4,1],[1,0],[-6,-2],[-11,0],[-26,13],[-23,-3],[-12,3]],[[4627,2128],[-7,1],[-6,6],[2,14],[11,-21]],[[4613,2167],[-7,-14],[-7,0],[1,15],[13,-1]],[[7210,7589],[119,-57],[23,-172],[-192,13],[-22,122],[-150,1],[-306,303],[82,342]],[[6764,8141],[307,-84],[55,-187],[84,-281]],[[7895,4939],[441,165]],[[8336,5104],[16,194]],[[8352,5298],[460,163],[211,-44],[-341,-218]],[[8682,5199],[53,-148],[-245,-275]],[[8490,4776],[260,-329]],[[8750,4447],[-294,-261],[-284,45],[-277,708]],[[8830,3725],[143,333],[36,243],[214,447]],[[9223,4748],[305,-134]],[[9528,4614],[3,-168],[-516,-878],[-185,157]],[[4740,5447],[-50,-165]],[[4690,5282],[-86,39]],[[4604,5321],[56,84],[80,42]],[[4720,3592],[-297,-376],[-207,229]],[[4216,3445],[-269,16],[347,432],[91,-10],[335,-291]],[[4720,3592],[89,-71]],[[4809,3521],[306,159]],[[5115,3680],[79,-371],[-223,-138]],[[4785,2926],[-362,290],[297,376]],[[6565,6423],[76,21],[-8,71],[266,39],[363,-314],[-376,-39],[75,-179],[-457,-66],[-80,282],[141,185]],[[6457,4331],[517,307]],[[6974,4638],[225,-640],[-34,-90],[-109,-37],[65,-119],[-283,-263]],[[6838,3489],[-313,487],[-68,355]],[[5389,4829],[272,50]],[[5661,4879],[741,-582]],[[6402,4297],[-360,-203]],[[6042,4094],[-624,46]],[[5418,4140],[48,165],[-77,524]],[[6003,5675],[438,157],[166,-124],[64,-184],[-188,-65],[-352,-288]],[[6131,5171],[-127,-3]],[[6004,5168],[-120,349],[119,158]],[[5518,7172],[-432,-773]],[[5086,6399],[-150,80],[419,785]],[[5355,7264],[107,-60],[56,-32]],[[5149,4208],[9,3],[104,-216],[13,-194],[-160,-120],[-40,185],[-97,61],[171,281]],[[6074,8649],[32,-90]],[[6106,8559],[238,-56]],[[6344,8503],[-156,-226],[-290,57],[176,315]],[[582,1063],[5,-532]],[[587,531],[-361,64],[35,298],[-105,230],[207,217]],[[7248,4800],[-394,-89],[-393,-286],[-70,125],[-33,117]],[[6358,4667],[212,312],[223,60]],[[6793,5039],[40,-54],[300,185],[115,-370]],[[7815,9170],[-29,-161],[93,-346],[-206,-76],[-250,38],[25,253]],[[7369,9085],[142,92]],[[7511,9177],[78,-117],[226,110]],[[4612,5793],[222,-128]],[[4834,5665],[-94,-218]],[[4740,5447],[-226,108]],[[4744,4030],[262,463],[149,-276]],[[5155,4217],[-178,-290],[98,-61],[40,-186]],[[5115,3680],[-150,-73]],[[4965,3607],[-25,179]],[[4940,3786],[-196,244]],[[5244,6313],[-59,-107],[105,-60]],[[5290,6146],[-102,-135]],[[5188,6011],[-399,218]],[[4789,6229],[65,120]],[[4854,6349],[-262,143],[64,-24],[-46,53],[89,62],[-33,38],[578,-308]],[[5124,7391],[143,311],[191,-198],[-127,-227]],[[5331,7277],[-207,114]],[[889,1093],[303,99]],[[1192,1192],[302,-597]],[[1494,595],[-261,-122]],[[1233,473],[-215,381]],[[1018,854],[-54,4]],[[5880,7270],[-237,130],[-125,-228]],[[5518,7172],[-187,105]],[[5331,7277],[327,707]],[[5658,7984],[128,-73]],[[5786,7911],[24,-481],[70,-160]],[[907,1988],[30,236],[149,307],[-43,128],[70,143],[-131,142],[7,169],[101,211],[484,-341],[-53,-380],[313,85],[-50,-271],[-89,-16],[-40,-90],[-215,110],[-74,-102],[-42,-206],[36,-162],[-453,37]],[[6491,6805],[62,-19],[9,-53],[-5,-5],[-66,77]],[[6122,6922],[-15,-22],[-9,-13],[-4,-17],[-29,-16],[57,68]],[[6122,6922],[23,32],[9,11],[68,62],[147,-33],[112,-102],[-103,-63],[-27,-49],[38,36],[77,28],[25,-24],[-140,-90],[-229,192]],[[7746,6659],[-31,-275],[45,-155],[372,-104]],[[8132,6125],[-7,-363]],[[7709,5370],[-105,-49]],[[7604,5321],[-186,334],[-173,605],[263,151],[238,248]],[[5950,4991],[-198,-93],[-502,-99],[-380,21]],[[4870,4820],[-174,148],[285,41],[77,-35],[-13,-114],[73,17],[-23,46],[48,-40],[-94,120],[57,69],[52,-45],[53,269],[194,-105],[575,-3],[51,-76],[-81,-121]],[[1832,2671],[403,3]],[[2235,2674],[-6,-333]],[[2229,2341],[138,-2],[121,-104]],[[2488,2235],[-215,-369],[-19,-229],[-88,-147]],[[2166,1490],[-289,303]],[[1877,1793],[73,6],[-2,115],[277,145],[-105,124],[-111,-13],[-113,-175],[-345,-261],[-46,178],[61,317],[129,167],[89,17],[48,258]],[[5499,8076],[159,-92]],[[5658,7984],[-150,-408],[-79,-58],[-144,208],[214,350]],[[6246,9377],[269,-94]],[[6515,9283],[-134,-350]],[[6381,8933],[-188,202],[87,170]],[[6280,9305],[-98,17],[64,55]],[[6074,8649],[201,350]],[[6275,8999],[181,-138],[-182,-323]],[[6274,8538],[-168,21]],[[6579,3864],[259,-375]],[[6838,3489],[-49,-114],[59,-68],[-301,-326],[-404,222],[299,-220],[195,-314],[-208,-67],[-167,-222],[-494,599]],[[5768,2979],[320,273]],[[6088,3252],[-45,245],[350,336],[186,31]],[[4614,4131],[248,-197],[-41,-52],[119,-96]],[[4965,3607],[-156,-86]],[[4809,3521],[-430,386],[235,224]],[[8340,8582],[54,65],[19,-122],[67,-44],[53,-280],[-35,-70],[-136,221],[35,118],[-57,112]],[[8682,5199],[262,141]],[[9171,4744],[52,4]],[[9223,4748],[-169,-382]],[[9054,4366],[-117,-30]],[[8937,4336],[-315,221],[-132,219]],[[1791,790],[-297,-195]],[[1494,595],[-220,492],[107,165]],[[4372,5235],[12,92]],[[4384,5327],[-68,36],[65,-6],[-61,24],[68,5],[-3,55],[-61,32],[90,18]],[[4598,5313],[-84,-154]],[[4514,5159],[-142,76]],[[4817,2643],[638,86]],[[5455,2729],[313,250]],[[5768,2979],[295,-357],[-223,-85],[352,-389],[-346,-85],[-947,3],[-77,-79],[-70,44],[28,75],[-177,-34],[-27,264],[241,307]],[[4566,4107],[-7,-20],[-3,-6],[-15,3],[25,23]],[[4504,4149],[-14,-39],[-2,-1],[-57,0],[73,40]],[[4481,4003],[-13,11],[0,7],[24,-8],[-11,-10]],[[4429,3955],[-1,24],[29,2],[-28,-26]],[[4379,3907],[-26,21],[-7,5],[-1,3],[63,-1],[-29,-28]],[[4385,3885],[-1,0],[-23,19],[-1,2],[25,-21]],[[4352,3853],[-6,56],[31,-34],[-25,-22]],[[4359,4169],[-1,0],[-3,1],[-4,5],[-17,-12],[13,15],[12,-9]],[[4294,3893],[37,2],[1,0],[20,-48],[-58,46]],[[4321,4198],[-16,-18],[-7,4],[0,2],[20,22],[3,-10]],[[4257,3847],[-1,1],[-1,1],[0,2],[1,8],[11,0],[-10,-12]],[[4240,3826],[-6,6],[2,6],[9,-6],[-5,-6]],[[4207,3784],[-8,6],[1,6],[7,-12]],[[4190,3763],[-7,6],[0,5],[11,-6],[-4,-5]],[[4173,3743],[-6,6],[0,4],[11,-5],[-5,-5]],[[3992,3518],[-5,4],[13,6],[-8,-10]],[[2796,2262],[440,-337]],[[3236,1925],[-283,-316]],[[2953,1609],[-444,345],[-94,169]],[[2415,2123],[130,157],[251,-18]],[[4934,4347],[-190,-317]],[[4744,4030],[-130,101]],[[4614,4131],[28,34],[-98,198],[51,142],[339,-158]],[[7746,6659],[421,101]],[[8167,6760],[269,-384]],[[8436,6376],[-298,-49]],[[8138,6327],[-6,-202]],[[8750,4447],[187,-111]],[[9054,4366],[-224,-641]],[[8830,3725],[-173,161],[-270,99],[29,212],[334,250]],[[5244,6313],[108,-61]],[[5352,6252],[-62,-106]],[[5738,6016],[-256,175]],[[5482,6191],[279,323],[-35,87],[48,134],[169,7],[177,-221],[253,-59]],[[6373,6462],[-143,-349],[-426,-27],[-66,-70]],[[5352,6252],[-266,147]],[[5086,6399],[228,412]],[[5486,6911],[149,-144],[-25,-164],[-258,-351]],[[3965,2691],[289,349]],[[4320,3297],[302,-241]],[[4218,2550],[-201,21],[-52,120]],[[4514,5159],[108,-102]],[[4622,5057],[-135,-101],[19,-42],[-169,-31],[-47,70],[82,282]],[[6129,9047],[100,80],[46,-128]],[[6275,8999],[-62,-19],[-210,-415]],[[6003,8565],[-84,256],[-121,33]],[[5798,8854],[13,56],[116,203],[105,-96],[97,30]],[[6515,9283],[457,-105]],[[6972,9178],[-144,-505]],[[6828,8673],[-160,155],[-287,105]],[[5738,6016],[365,124],[141,-77],[-70,-14]],[[6114,5698],[-111,-23]],[[6003,5675],[-119,-161],[-420,276],[-180,-47],[198,448]],[[4850,5965],[-128,-234]],[[4722,5731],[-339,169],[51,4],[-47,21],[50,3],[-47,27],[52,-4],[-49,34],[52,-9],[-47,23],[50,4],[-35,89],[53,154],[384,-281]],[[4514,5159],[40,85]],[[4554,5244],[178,-42],[-42,80]],[[4740,5447],[340,-127],[-127,-227],[-331,-36]],[[7603,9468],[-21,-91],[-132,-15]],[[7450,9362],[61,-185]],[[7511,9177],[-271,-183],[-282,137],[164,552],[113,188],[60,12],[-52,-80],[213,-70],[60,-240],[87,-25]],[[2166,1490],[249,633]],[[2953,1609],[-340,-405],[-447,286]],[[3236,1925],[-440,347],[319,347],[319,-78],[114,-229],[-312,-387]],[[6551,7888],[145,36],[21,-214],[216,-175],[42,-140],[-67,-127],[-241,11],[-92,120],[-208,-48]],[[6367,7351],[-43,188]],[[6324,7539],[108,22]],[[6432,7561],[122,186],[-3,141]],[[587,531],[39,-393]],[[626,138],[-514,-138],[-112,278],[63,150],[129,97],[113,76],[282,-70]],[[4554,5244],[50,77]],[[4604,5321],[144,-65],[-109,-65],[-85,53]],[[6358,4667],[-163,189],[-4,86],[-181,142]],[[6010,5084],[-6,84]],[[6131,5171],[352,288]],[[6771,5130],[22,-91]],[[7604,5321],[-103,-123]],[[7547,4855],[-299,-55]],[[7248,4800],[-118,399],[-171,236]],[[6959,5435],[-36,151],[468,212],[213,-477]],[[5499,8076],[75,235],[-15,143],[239,400]],[[6003,8565],[-223,-464],[6,-190]],[[5786,7911],[-287,165]],[[6042,4094],[415,237]],[[6457,4331],[122,-467]],[[6088,3252],[-458,-361],[298,426],[142,702],[-28,75]],[[5661,4879],[289,112]],[[5950,4991],[60,93]],[[6010,5084],[317,-327],[134,-314],[452,303],[61,-108]],[[6974,4638],[-572,-341]],[[1622,3495],[-28,-475],[-99,-24],[-405,323],[210,222],[322,-46]],[[8807,2967],[4,-136],[72,-68],[283,5],[68,-73],[120,-376],[-176,-10],[-111,-97],[-376,17],[-607,-165],[-1594,-636],[-150,12],[-692,-335],[43,301],[166,164],[379,102],[66,-45],[250,134],[194,8],[560,325],[175,-24],[582,324],[43,108],[175,-12],[526,477]],[[5355,7264],[-419,-785],[-272,158],[460,754]],[[5124,7391],[231,-127]],[[1192,1192],[-131,-63]],[[1061,1129],[-133,348],[206,186],[37,-66],[152,72],[215,-90],[-294,-534],[-52,147]],[[592,725],[426,129]],[[1233,473],[-96,-139],[-208,40],[-303,-236]],[[626,138],[-58,336],[24,251]],[[4870,4820],[519,9]],[[5418,4140],[-263,77]],[[5155,4217],[-285,603]],[[4854,6349],[-131,-241],[-251,146],[114,122],[-35,32],[51,-25],[-34,58],[56,-33],[-43,59],[69,-10],[204,-108]],[[785,1462],[122,521],[301,-42],[-14,-214],[-165,-204],[-244,-61]],[[5399,6962],[119,210]],[[5518,7172],[240,-131]],[[5758,7041],[-120,-185],[-239,106]],[[8167,6760],[318,4],[-116,231],[165,39],[13,115],[83,-4],[121,-223],[-59,-20],[221,-363],[-477,-163]],[[5823,7761],[-23,276],[98,297],[290,-57],[-249,-527],[-116,11]],[[6030,9328],[173,671],[445,-164]],[[6648,9835],[-29,-141],[68,-133],[-54,-168],[-118,-110]],[[6246,9377],[-216,-49]],[[7603,9468],[721,-234],[-192,-351],[-93,62],[125,-132],[222,361],[98,-59],[-51,-136],[60,14],[-8,-81],[-167,-86],[22,-121],[-156,-304],[-60,314],[-68,-58],[-163,117],[41,130],[-111,5],[-23,122],[50,-24],[-40,22],[38,226],[-19,61],[-52,20],[53,-55],[-15,-111]],[[7815,9170],[-249,-112],[-116,304]],[[8123,8934],[11,-31],[11,52],[-4,3],[-18,-24]],[[8456,8959],[-7,-22],[22,7],[-2,4],[-13,11]],[[8334,8579],[58,68],[17,-122],[72,-43],[52,-280],[-35,-68],[-134,218],[32,120],[-62,107]],[[8689,8643],[35,37],[99,-119],[-74,-48],[28,-188],[-67,59],[-21,259]],[[6648,9835],[476,-181],[-152,-476]],[[6194,8295],[150,208]],[[6344,8503],[-70,35]],[[6274,8538],[70,113]],[[6344,8651],[343,-165],[76,205],[65,-18]],[[6828,8673],[-3,-123],[51,-39],[-112,-370]],[[6764,8141],[-294,145],[-27,-69],[-249,78]],[[7307,3535],[-5,1],[-2,1],[-19,14],[-27,38],[16,52],[37,-106]],[[7126,3746],[43,-49],[1,-28],[-17,30],[-27,47]],[[2843,2725],[-132,199]],[[3379,3379],[11,-310],[-409,-384]],[[2981,2685],[-138,40]],[[8724,5897],[83,-239],[185,-196],[-640,-164]],[[8336,5104],[-404,-166],[-205,311]],[[7503,8604],[183,-13],[29,-80],[-408,-448],[-233,-31]],[[7074,8032],[-195,82]],[[6879,8114],[24,125],[502,225]],[[8528,7124],[-1,0],[0,1],[0,1],[0,12],[3,6],[63,26],[32,-13],[20,-24],[-117,-9]],[[8503,7029],[6,5],[0,2],[9,5],[8,-4],[0,-1],[5,-4],[-28,-3]],[[8359,7003],[0,1],[9,8],[4,2],[9,3],[40,-1],[-62,-13]],[[2235,2674],[309,65],[437,-54]],[[2981,2685],[-33,-272],[-152,-151]],[[2796,2262],[-172,48],[-136,-75]],[[2229,2341],[28,102],[-22,231]],[[6194,8295],[249,-78],[27,69],[294,-145],[-68,-217],[-145,-36]],[[6551,7888],[23,-160],[-142,-167]],[[6324,7539],[20,67],[-405,144],[255,545]],[[4789,6229],[158,-86]],[[4947,6143],[-97,-178]],[[4850,5965],[-158,85],[97,179]],[[5880,7270],[-7,-156],[-57,-32],[-58,-41]],[[2427,3136],[284,-212]],[[2843,2725],[-1011,-54]],[[1832,2671],[148,398]],[[1980,3069],[377,48],[70,19]],[[6967,6525],[0,1],[13,14],[90,-82],[70,-115],[76,-47],[19,1],[22,-9],[4,-3],[8,-7],[-131,45],[-171,202]]],"transform":{"scale":[0.000055668221167995826,0.00004190929206453612],"translate":[-74.2564538161861,40.4963076685029]}}