{"type":"Topology","objects":{"nyz":{"type":"GeometryCollection","geometries":[{"type":"Polygon","arcs":[[0,1,2,3]]},{"type":"Polygon","arcs":[[4,5,6,7]]},{"type":"Polygon","arcs":[[8,9,10,11]]},{"type":"Polygon","arcs":[[12,13,14,15,16]]},{"type":"Polygon","arcs":[[17]]},{"type":"Polygon","arcs":[[18,19,20]]},{"type":"Polygon","arcs":[[21,22]]},{"type":"Polygon","arcs":[[23,24,25]]},{"type":"MultiPolygon","arcs":[[[26]],[[27]],[[28]],[[29]]]},{"type":"Polygon","arcs":[[30,31,32,33,34,35]]},{"type":"Polygon","arcs":[[36,37,38,39,40,41]]},{"type":"Polygon","arcs":[[42,43]]},{"type":"Polygon","arcs":[[44,45,46,47,48,-43]]},{"type":"Polygon","arcs":[[49,50,51,52,53,54,55,56,57,58]]},{"type":"Polygon","arcs":[[59,60,-9,61,62]]},{"type":"Polygon","arcs":[[63,64,65,66,67]]},{"type":"Polygon","arcs":[[68,69,70,71,72,73,74,75]]},{"type":"Polygon","arcs":[[76,77,78,79,80]]},{"type":"Polygon","arcs":[[81,82,83]]},{"type":"Polygon","arcs":[[84,85,86,87,88]]},{"type":"Polygon","arcs":[[89,90,91,92,93]]},{"type":"Polygon","arcs":[[94,-4,95,96,97,98]]},{"type":"Polygon","arcs":[[99,100,101,102,103,104,105]]},{"type":"MultiPolygon","arcs":[[[106]],[[107]]]},{"type":"Polygon","arcs":[[108,109,110,111]]},{"type":"Polygon","arcs":[[-81,112,113,114,115,116]]},{"type":"Polygon","arcs":[[117,118,119,120,121]]},{"type":"Polygon","arcs":[[122,123,124,125,126,127,128]]},{"type":"Polygon","arcs":[[129,130,131,132,133]]},{"type":"Polygon","arcs":[[134,135,136,137,138,-53,139]]},{"type":"Polygon","arcs":[[140,-89,141,142,-33]]},{"type":"Polygon","arcs":[[143,144,145,146,147,148]]},{"type":"MultiPolygon","arcs":[[[149]],[[150]]]},{"type":"Polygon","arcs":[[151,152,153,-60]]},{"type":"Polygon","arcs":[[154,-149,155,156]]},{"type":"Polygon","arcs":[[-155,157,158,159,-144]]},{"type":"Polygon","arcs":[[160,161,162,163]]},{"type":"Polygon","arcs":[[164,165,166,-41]]},{"type":"Polygon","arcs":[[167,168,169,-120,170,171]]},{"type":"MultiPolygon","arcs":[[[172]],[[173]],[[174]],[[175]]]},{"type":"Polygon","arcs":[[176,177,178,-59,179,-163]]},{"type":"Polygon","arcs":[[180,-48,181,182,183,-171]]},{"type":"Polygon","arcs":[[184,185,-46,186]]},{"type":"Polygon","arcs":[[187,188,189,-97]]},{"type":"Polygon","arcs":[[190,191,192,193,-130,194]]},{"type":"Polygon","arcs":[[-192,195,196,197,-125,198,-123,199]]},{"type":"Polygon","arcs":[[200,201,-106]]},{"type":"Polygon","arcs":[[202,203,204,205,206]]},{"type":"Polygon","arcs":[[207,208,209,210,211,212]]},{"type":"Polygon","arcs":[[213,214,-101,215,-72,216,217,218]]},{"type":"Polygon","arcs":[[219,-25,220,221,222,223,224]]},{"type":"Polygon","arcs":[[225]]},{"type":"Polygon","arcs":[[226,227,228,229,230,231]]},{"type":"Polygon","arcs":[[-42,-167,232,233,234]]},{"type":"Polygon","arcs":[[235,236,-168,237,238,239,-76,240]]},{"type":"Polygon","arcs":[[241,242,243,-66,244,245]]},{"type":"Polygon","arcs":[[-3,246,-62,-12,247,-188,-96]]},{"type":"Polygon","arcs":[[248,-147,249,250,-197,251]]},{"type":"Polygon","arcs":[[252,-222,253,254,255,-153,256,257,258]]},{"type":"Polygon","arcs":[[259,260,261,262]]},{"type":"Polygon","arcs":[[-40,263,264,265,266,267,-165]]},{"type":"Polygon","arcs":[[268,-225,269,-262,270,271,272]]},{"type":"Polygon","arcs":[[273]]},{"type":"MultiPolygon","arcs":[[[274]],[[275]],[[276]]]},{"type":"Polygon","arcs":[[277,278,-13,-118,279,280]]},{"type":"Polygon","arcs":[[281,282,283,284,-159,285]]},{"type":"Polygon","arcs":[[286,287,288,289,290,-78,291]]},{"type":"Polygon","arcs":[[292,293,-271,-261]]},{"type":"Polygon","arcs":[[294,295,296,297,298,-92,299]]},{"type":"Polygon","arcs":[[300,301,-298,302,303,304,-84,305,-227]]},{"type":"Polygon","arcs":[[-206,306,307]]},{"type":"Polygon","arcs":[[308,-252,-196,-191,309]]},{"type":"Polygon","arcs":[[310]]},{"type":"Polygon","arcs":[[-47,-186,311,-182]]},{"type":"Polygon","arcs":[[312,313,-114,314,-265]]},{"type":"Polygon","arcs":[[-21,315,-99,316,317,318]]},{"type":"Polygon","arcs":[[-7,-128,319,320]]},{"type":"MultiPolygon","arcs":[[[321]],[[322]],[[323]],[[324]],[[325]],[[326]],[[327]],[[328]],[[329]],[[330]],[[331]],[[332]],[[333]],[[334]],[[335]],[[336]]]},{"type":"Polygon","arcs":[[337,338,339,340,-290,341]]},{"type":"Polygon","arcs":[[-156,-148,-249,-309,342]]},{"type":"Polygon","arcs":[[343,344,345,-14,-279]]},{"type":"Polygon","arcs":[[-183,-312,-185,346]]},{"type":"Polygon","arcs":[[347,348,-255]]},{"type":"Polygon","arcs":[[349,-104,350]]},{"type":"Polygon","arcs":[[-348,-254,-221,-24,351,352]]},{"type":"Polygon","arcs":[[-133,353,-131,-194,354,-5,355]]},{"type":"Polygon","arcs":[[-319,356,357,-19]]},{"type":"Polygon","arcs":[[-93,-299,-302,358,359,360]]},{"type":"Polygon","arcs":[[-296,361,362,-135,363,364,365,-82,366,-304,367]]},{"type":"Polygon","arcs":[[-351,-103,368,-215,369,370]]},{"type":"Polygon","arcs":[[371,372,373,-247,-2,374]]},{"type":"Polygon","arcs":[[-357,-318,375,376,377,378,-189,379,380]]},{"type":"Polygon","arcs":[[381,382,383,384,-245,385,-136,-363]]},{"type":"Polygon","arcs":[[-291,386,-340,387,-79]]},{"type":"Polygon","arcs":[[388,-338,389]]},{"type":"Polygon","arcs":[[390,-178,391,392,393,394]]},{"type":"Polygon","arcs":[[-234,395,396]]},{"type":"Polygon","arcs":[[397,-98,-190,398,-378,399]]},{"type":"Polygon","arcs":[[400,401,402,-218,403,-70,404,-239]]},{"type":"Polygon","arcs":[[405,-280,-122,406,-169,-237,407,408,-74]]},{"type":"Polygon","arcs":[[409,-360,410,-272,-294]]},{"type":"Polygon","arcs":[[-211,411,-207,-308,412,-127,413]]},{"type":"Polygon","arcs":[[414,-282,-402,415,-204,416,-210]]},{"type":"Polygon","arcs":[[-31,417]]},{"type":"Polygon","arcs":[[418]]},{"type":"Polygon","arcs":[[-224,419,420,-263,-270]]},{"type":"Polygon","arcs":[[421,-116,422,-313,-264,-39,423]]},{"type":"Polygon","arcs":[[424,-268,425,426,-396,-233]]},{"type":"Polygon","arcs":[[-285,427,-213,428,429,-145,-160]]},{"type":"Polygon","arcs":[[-258,430,-372,431]]},{"type":"Polygon","arcs":[[-424,-38,432]]},{"type":"Polygon","arcs":[[-352,-26,-220,433,434]]},{"type":"Polygon","arcs":[[435,436,-345]]},{"type":"Polygon","arcs":[[437,-230,438,439,440,-109,441]]},{"type":"Polygon","arcs":[[442,443,-295,-90]]},{"type":"MultiPolygon","arcs":[[[444,445,-246,-385],[446],[447]],[[448]],[[449]]]},{"type":"Polygon","arcs":[[-444,450,-382,-362]]},{"type":"Polygon","arcs":[[-228,-306,451,-365,452,-51,453,454,455,456]]},{"type":"MultiPolygon","arcs":[[[457]],[[458]]]},{"type":"Polygon","arcs":[[459,-87,460,461,462]]},{"type":"Polygon","arcs":[[-17,463,-181,-119]]},{"type":"Polygon","arcs":[[464,465,-243,466,467,-58]]},{"type":"MultiPolygon","arcs":[[[468]],[[469]],[[470]]]},{"type":"Polygon","arcs":[[471,472,-463,473,-390,-342,-289]]},{"type":"Polygon","arcs":[[-440,474,-457,475,476,-395,477]]},{"type":"Polygon","arcs":[[-431,-257,-152,478,-373]]},{"type":"Polygon","arcs":[[-434,-269,479]]},{"type":"Polygon","arcs":[[-88,-460,-473,480,-287,481,-35,-142]]},{"type":"Polygon","arcs":[[482]]}]}},"arcs":[[[4356,5580],[3,30],[42,-5],[3,17],[-69,30],[5,8],[67,-32],[7,25],[2,15],[-56,-4],[0,9],[56,1],[0,9],[-1,9],[-52,-1],[2,6],[50,1],[1,17],[-47,0],[2,7],[45,1],[1,14],[-44,3],[0,7],[45,0],[0,41],[-43,-1],[1,10],[41,0],[2,16],[-23,0],[0,7],[12,0],[-12,15],[1,8],[29,5],[2,11],[-49,-6],[0,5],[50,6],[1,14],[-51,-6],[0,4],[52,7],[0,6]],[[4431,5889],[181,-90]],[[4612,5799],[-23,-48],[-12,-18],[-4,-18],[-57,-131],[-2,-23]],[[4514,5561],[-158,19]],[[4218,2561],[404,505]],[[4622,3066],[163,-130],[308,-246]],[[5093,2690],[-276,-37]],[[4817,2653],[-242,-304],[-28,-4],[-28,42],[-35,38],[-43,47],[-54,32],[-58,27],[-35,1],[-22,0],[-22,12],[-4,18],[-28,-1]],[[4834,5671],[279,-155]],[[5113,5516],[-23,-143],[-11,-46],[-34,7]],[[5045,5334],[-306,120],[19,72]],[[4758,5526],[76,145]],[[8125,5769],[8,86],[29,155],[-6,27],[2,19],[-15,31],[-11,44]],[[8132,6131],[-7,29],[13,173],[61,18],[99,0],[137,30]],[[8435,6381],[54,48]],[[8489,6429],[57,19],[42,-95],[26,-90],[19,-80],[18,-35],[-2,-31],[75,-214]],[[8724,5903],[-76,-22],[-77,-17],[-64,-23],[-232,-75],[-150,3]],[[3510,2658],[1,-1],[1,-3],[1,-2],[4,-7],[3,-6],[0,-1],[-84,-53],[-1,1],[-3,6],[-1,3],[-2,-1],[-1,2],[0,-1],[3,13],[79,50]],[[4372,5242],[-22,-104],[-41,-136],[5,-15],[-4,-16],[-3,-1]],[[4307,4970],[-10,-10],[-2,8],[6,12],[-19,-3],[21,11],[-2,7],[-38,-11],[-3,22],[0,25],[-7,4],[5,1],[8,21],[-5,0],[1,11],[-4,10],[7,51],[7,12],[6,31],[74,-2],[5,35],[-66,-20],[29,149],[57,0]],[[4377,5334],[7,-1],[-12,-91]],[[7444,7910],[3,74],[34,43],[16,45]],[[7497,8072],[12,13],[71,28],[106,49],[58,6],[14,1],[31,-5],[37,-32],[38,-5],[27,-32],[25,5],[14,-110],[30,-50],[14,-37],[-18,-19],[1,-11],[-6,-10],[7,-9],[7,-33],[7,12],[8,1],[11,-5],[57,37],[26,-12],[19,-67],[9,-52],[35,-53],[31,6],[20,-16],[42,-20],[13,-10],[10,-25],[-34,-9],[-13,-17],[-3,-10],[-20,-14],[-13,-17],[-33,-5],[4,21],[-38,51],[-18,18],[4,-15],[8,-10],[10,-6],[6,-17],[3,-36],[6,-10],[16,-4],[16,-23],[9,-16],[36,-19],[28,-2],[116,-64],[16,6],[-7,10],[13,-9],[3,-18],[9,-24],[-11,-21],[-29,-7],[-23,8],[-49,44],[-27,7],[-62,51],[-46,-7],[-40,38],[-75,60],[-5,-4],[-50,14],[-59,10],[-59,-17],[-5,6],[-112,-47],[-67,-15],[-21,-129],[-103,14],[-64,147],[9,52],[4,40],[-8,32],[25,71],[2,43],[-41,102],[-17,40]],[[5486,6916],[-82,-153],[-90,53]],[[5314,6816],[46,80],[39,70]],[[5399,6966],[87,-50]],[[7460,7148],[-3,10],[2,-4],[0,7],[12,11],[21,4],[1,0],[15,-3],[0,-1],[1,-4],[-49,-19],[0,-1]],[[7242,6976],[0,-1],[-17,0],[-9,3],[0,-1],[-1,2],[0,8],[0,2],[0,2],[1,5],[2,4],[1,5],[0,11],[0,1],[0,1],[1,1],[4,1],[18,-44]],[[7183,6938],[6,5],[1,1],[0,2],[-1,3],[0,1],[1,1],[6,6],[1,0],[9,-2],[16,1],[-39,-18]],[[7138,6899],[-1,5],[1,0],[0,1],[1,0],[1,-1],[0,1],[0,1],[-2,1],[-2,2],[-1,1],[0,2],[1,1],[1,2],[1,1],[3,2],[6,2],[1,0],[0,1],[0,2],[-3,4],[0,1],[0,2],[0,2],[1,0],[5,5],[2,3],[0,1],[1,0],[11,-2],[1,0],[4,-3],[3,-3],[-35,-34]],[[1574,2988],[20,42],[19,104],[9,370]],[[1622,3504],[32,-13],[70,-29],[104,-32],[29,-9],[61,1],[78,0],[45,31]],[[2041,3453],[-16,-56],[-40,-146]],[[1985,3251],[4,-125],[-9,-47]],[[1980,3079],[-31,-68],[-70,-112],[-17,-46],[-12,-36],[-3,-42],[-16,-59],[3,-21]],[[1834,2695],[-138,-33],[-108,-30],[-22,-20],[-45,-3],[53,379]],[[363,1353],[23,12],[2,0],[3,-1],[3,0],[3,-2],[4,-2],[2,-2],[3,-2],[5,-1],[5,2],[9,5],[4,6],[4,5],[30,55],[1,2],[3,2],[14,3],[5,1],[5,1],[2,3],[1,2],[5,2],[7,2],[3,-1],[3,-2],[4,-2],[13,3],[15,0],[53,-12],[5,-7],[18,-2],[3,2],[3,4],[8,1],[5,6],[3,-2],[13,-28],[3,-2],[12,3],[12,2],[32,11],[11,5],[8,8],[23,12],[8,6],[9,4],[2,2],[2,5],[2,2],[3,2],[2,0],[1,0],[1,1],[1,0],[0,1]],[[787,1468],[32,17],[42,22],[29,-3],[38,-15]],[[928,1489],[31,-47],[34,-132],[68,-168]],[[1061,1142],[-14,-10],[-17,3],[-141,-29]],[[889,1106],[-193,-22],[-114,-8]],[[582,1076],[-110,79],[-109,198]],[[9465,5374],[-92,-83],[-22,81],[-186,242]],[[9165,5614],[74,79],[78,112],[99,95],[-141,151],[-154,200],[-95,44],[-63,62],[-21,82],[67,4],[2,-1],[2,-2],[10,7],[-17,96],[-8,24],[28,17],[9,29],[-9,29],[-19,47],[5,28],[11,49],[1,2],[6,12],[9,13],[1,2],[1,1],[-1,5],[2,8],[3,2],[8,10],[3,6],[7,5],[5,4],[8,3],[6,2],[6,0],[6,-4],[13,-21],[1,-3],[11,-15],[6,-2],[5,-2],[9,-6],[2,-2],[21,-2],[49,-40],[42,-35],[26,-22],[9,-8],[1,-7],[10,-4],[20,-18],[15,-10],[54,-42],[1,-1],[15,-13],[20,-16],[14,-11],[15,-11],[11,-13],[17,-9],[20,-17],[21,-16],[18,-15],[27,-20],[6,-5],[1,0],[2,-2],[3,-3],[3,-2],[14,-10],[3,-4],[20,-16],[4,-3],[2,-2],[4,-3],[10,-9],[61,-53],[34,-34],[14,-5],[2,-1],[9,-7],[6,-7],[16,-13],[3,-2],[5,-4],[11,-9],[9,-8],[1,0],[12,-10],[3,-2],[29,-25],[34,-27],[18,-15],[8,-6],[16,-14],[5,-7],[3,-4],[2,-3],[6,-5],[3,-2],[3,-3],[4,-4],[9,-8],[1,-3],[1,-6],[7,-32],[3,-44],[3,-45],[2,-49],[4,-44],[3,-52],[10,-35],[-4,-4],[-4,-3],[-1,-1],[-1,0],[0,-1],[-1,0],[2,-2],[-1,-1],[1,-1],[-8,-13],[-13,-20],[-13,-17],[-1,-11],[-7,-24],[-13,-15],[-2,-14],[-7,-22],[-12,-18],[-4,-12],[-7,-10],[-11,-23],[-12,-22],[-11,-24],[-11,-19],[-10,-3],[-1,-1],[-5,-1],[-21,-6],[-5,-1],[-7,-2],[-3,-1],[-3,0],[-7,-2],[-14,-2],[-10,-2],[-23,-4],[-6,-1],[-11,-2],[-5,0],[-17,-3],[-13,-3],[-3,0],[-5,-2],[-3,-1],[-19,-6],[-38,-13],[-7,-3],[-7,-2],[-11,-4],[-5,-2],[-9,-3],[-6,-3],[-9,-2],[-9,-3],[-4,-2],[-1,0],[-3,-1],[-1,-1],[-2,-1],[-3,-1],[-3,-1],[-5,-2],[-9,-4],[-12,-5],[-3,-2],[-1,0],[-12,-7],[-2,-1],[-15,-7],[-11,-5],[-6,-3],[-1,0],[-1,-1],[-2,-1],[-5,-3],[-5,-4],[-1,0],[-2,-2],[-2,-1],[-1,-1],[-2,-1],[14,-23]],[[9465,5374],[28,-106],[29,-160],[3,-115],[-7,-76],[10,-295]],[[9528,4622],[-69,25],[-19,14],[-217,95]],[[9223,4756],[-31,7],[-21,-11],[-137,425],[-90,170]],[[8944,5347],[79,77],[-31,44]],[[8992,5468],[75,41],[98,105]],[[6764,8143],[15,20],[7,21]],[[6786,8184],[16,24],[20,50],[54,166],[4,48],[-4,41],[-19,25],[-13,-6],[-12,9],[-7,11],[1,11]],[[6826,8563],[1,12],[0,27],[142,2]],[[6969,8604],[123,16],[99,6]],[[7191,8626],[124,8]],[[7315,8634],[108,-7],[80,-21]],[[7503,8606],[-76,-91],[-22,-49]],[[7405,8466],[-97,2],[-175,-105],[-157,-46],[-52,-40],[-21,-35]],[[6903,8242],[-6,-44],[-18,-81]],[[6879,8117],[-27,3],[-36,7],[-52,16]],[[4881,6027],[239,-126]],[[5120,5901],[-22,-72],[1,-82],[-27,17],[-11,-33],[57,-20],[-20,-19],[-24,13],[-3,2],[3,-21],[34,-13],[-5,-10],[-30,14],[16,-46],[-2,-10],[34,-35],[-1,-32],[-7,-38]],[[4834,5671],[-112,66]],[[4722,5737],[159,290]],[[7197,8627],[13,334],[3,46]],[[7213,9007],[27,-11],[43,48],[86,42]],[[7369,9086],[79,-206],[-9,2],[-14,-78],[1,-166]],[[7426,8638],[-3,-11],[-108,7]],[[7315,8634],[-118,-7]],[[6808,4985],[-37,152]],[[6771,5137],[-38,15],[-56,-9],[-21,2],[-47,3],[-122,203],[-12,63],[8,51]],[[6483,5465],[19,-2]],[[6502,5463],[15,-2],[9,-1],[20,1],[25,8],[5,4],[11,7],[16,8],[38,31],[30,12]],[[6671,5531],[25,3],[35,4],[24,4],[13,4],[34,11],[7,4],[29,17],[1,0],[13,5],[6,2],[12,5],[10,3],[15,7],[25,11],[7,3]],[[6927,5614],[-4,-22],[1,-40],[10,-31],[8,-43],[17,-37],[69,-104],[102,-131],[4,-29]],[[7134,5177],[-94,-64]],[[7040,5113],[-31,-7],[-99,-52],[-70,-54],[-7,-8],[-25,-7]],[[1756,1762],[16,-4],[15,3],[32,23],[58,21]],[[1877,1805],[33,-58],[256,-245]],[[2166,1502],[132,-106],[19,42],[263,-216]],[[2580,1222],[-8,-35],[-54,-20],[-42,-38],[-51,-13],[-174,-214],[-112,-94],[-56,91],[10,52],[101,9],[104,121],[4,33],[-27,55],[-46,24],[-43,4],[-12,-28],[-68,-13],[3,-29],[-43,-40],[11,-65],[-2,-26]],[[2075,996],[-85,114],[-46,63],[-49,121],[14,23],[-70,201],[2,22],[-85,222]],[[6456,8862],[25,38],[56,-28],[68,-50],[60,7]],[[6665,8829],[3,1],[94,-137],[-75,-204],[-87,34],[-27,21],[-91,55],[-23,4],[-115,50]],[[6344,8653],[47,97],[65,112]],[[2318,3451],[56,1],[52,16],[11,26],[177,79],[145,18],[79,-16],[237,83],[125,8],[66,-39],[-14,-20],[21,-26],[20,10],[51,-78],[35,-124]],[[3379,3389],[-157,-7]],[[3222,3382],[-32,13],[-87,-60],[-37,-44],[-58,-86],[-25,-9],[-91,-75],[-125,-135],[-56,-52]],[[2711,2934],[-42,18],[-100,77],[-39,25],[-51,31],[-39,39],[-13,22]],[[2427,3146],[-35,32],[-51,109],[-14,82],[-9,23],[0,59]],[[6030,9329],[38,-14],[37,20],[77,-12]],[[6182,9323],[81,-17]],[[6263,9306],[17,0],[-42,-116],[-26,-27],[-19,-27]],[[6193,9136],[-13,-27],[-46,-35],[-5,-26]],[[6129,9048],[-83,23],[-27,37],[-22,16],[-41,7],[74,198]],[[4398,5491],[-66,17],[4,16],[56,-8],[3,36],[-52,8],[0,4],[10,1],[3,15]],[[4514,5561],[45,-5],[131,-80]],[[4690,5476],[-19,-32],[-11,-32],[-56,-84]],[[4604,5328],[-6,-9]],[[4598,5319],[-184,179],[-16,-7]],[[6485,6013],[23,-61],[3,-28],[-18,-21],[-52,-65]],[[6441,5838],[-46,-46],[-103,-56],[-178,-31]],[[6114,5705],[18,117],[22,135]],[[6154,5957],[20,98],[64,-14],[6,28],[-14,50]],[[6230,6119],[23,31],[62,171],[44,97],[14,49]],[[6373,6467],[153,-32],[39,-6]],[[6565,6429],[-105,-96],[-23,-48],[-13,-41],[0,-47],[6,-38],[24,-56],[14,-71],[17,-19]],[[9547,3760],[1,0],[2,-2],[0,-2],[0,-1],[-1,1],[-1,-3],[-3,-20],[-1,-3],[-1,-1],[-3,-2],[7,28],[0,5]],[[9253,3312],[-3,0],[-8,-1],[-3,0],[-3,1],[-4,2],[-1,0],[-4,3],[-1,1],[-1,2],[0,1],[0,3],[1,1],[2,9],[0,1],[3,9],[2,2],[-1,-2],[-6,-25],[27,-7]],[[5823,7765],[116,-12]],[[5939,7753],[77,-31],[112,-46],[113,-42],[10,7],[93,-32],[-20,-66],[18,-16]],[[6342,7527],[8,-47],[17,-125]],[[6367,7355],[-48,-51],[-80,-116],[-57,-22],[-67,30],[-48,30],[-65,72],[-86,-2],[-82,155],[-10,78],[-1,236]],[[2075,996],[-29,-34],[-17,-23],[-28,-21],[-6,-34],[-32,1],[-62,-43],[-79,-19],[-31,-20]],[[1791,803],[-48,51],[-51,60],[-72,122],[-23,40],[-43,47],[-1,41],[-172,101]],[[1381,1265],[109,271]],[[1490,1536],[28,33]],[[1518,1569],[20,22],[38,-43],[32,-11],[17,55],[4,115],[16,25],[49,22],[40,1],[22,7]],[[7604,5328],[105,49],[-89,133],[-60,145],[0,66],[-25,157],[27,11],[149,-18],[235,-89],[179,-13]],[[8125,5769],[-13,-242],[12,-117],[0,-52],[-80,-33],[-142,-54],[-20,-10],[-40,-1],[-61,-2],[-54,-2],[0,-13],[0,-17],[9,-6],[102,-137],[18,-23],[39,-114]],[[7895,4946],[-84,-14],[-174,-52],[-15,-11],[-10,-19]],[[7612,4850],[-65,12]],[[7547,4862],[-5,69],[-7,23],[-4,19],[-13,45],[7,24],[7,24],[-14,38],[-7,43],[-10,58],[8,27],[1,33],[17,29],[44,19],[33,15]],[[4785,2936],[186,246]],[[4971,3182],[50,32]],[[5021,3214],[173,104]],[[5194,3318],[185,117],[577,52]],[[5956,3487],[-9,-95],[-19,-66],[-104,-126],[-2,-78],[-55,-74],[-14,-36],[-70,-34],[-53,-77]],[[5630,2901],[-31,-37],[-77,-70],[-33,-38],[-34,-17],[-362,-49]],[[5093,2690],[-308,246]],[[4018,3478],[135,-42],[37,3],[26,15],[2,-41],[13,-25],[27,-31],[62,-50]],[[4320,3307],[1,-40],[-24,-77],[-43,-140]],[[4254,3050],[-156,-230],[-30,-43],[-42,-62]],[[4026,2715],[-61,-13]],[[3965,2702],[-1,1],[-8,8],[-8,13],[-8,18],[-10,18],[-15,31],[-11,17],[-17,29],[-5,11],[-2,15],[-3,20],[-1,13],[-4,21],[-6,43],[0,1],[-5,14],[1,10],[-3,26],[-1,7],[0,5],[1,5],[-1,10],[-2,12],[-1,7],[0,9],[2,16],[2,8],[1,18],[0,13],[2,23],[3,25],[3,16],[0,8],[0,6],[1,6],[1,4],[2,4],[2,4],[6,13],[3,11],[9,26],[14,37],[15,41],[9,26],[13,37],[2,6],[-34,15],[1,3],[35,-14],[7,14],[11,21],[0,1],[0,2],[-2,3],[-1,1],[56,18]],[[6881,8856],[13,33],[1,46],[11,28],[0,67],[31,38],[30,22],[-1,17]],[[6966,9107],[17,-6]],[[6983,9101],[230,-94]],[[7213,9007],[-3,-51],[-13,-329]],[[7197,8627],[-6,-1]],[[6969,8604],[-142,-2],[1,73],[49,78],[-20,72],[24,31]],[[2041,3453],[91,27],[62,19],[103,-16],[21,-32]],[[2427,3146],[-70,-19],[-112,-19],[-35,2],[-72,-51],[-158,20]],[[1980,3079],[9,49],[-4,123]],[[4752,4616],[93,-45],[24,44],[11,22],[74,-38]],[[4954,4599],[51,-101]],[[5005,4498],[-42,-82]],[[4963,4416],[-29,-61]],[[4934,4355],[-236,121]],[[4698,4476],[54,140]],[[7967,7181],[1,5],[-1,1],[0,1],[1,0],[1,-1],[1,0],[1,3],[3,13],[0,1],[8,0],[1,0],[0,-1],[-1,-16],[18,-5],[-14,4],[-19,-6],[0,1]],[[7771,7202],[0,1],[3,3],[4,4],[17,13],[2,3],[6,10],[2,4],[5,8],[3,4],[6,3],[3,2],[3,3],[2,3],[1,0],[0,-1],[-1,0],[8,1],[15,-8],[-2,1],[-66,-51],[-11,-3]],[[4881,6027],[66,121]],[[4947,6148],[241,-131]],[[5188,6017],[-17,-17],[-43,-74],[-8,-25]],[[4715,4630],[37,-14]],[[4698,4476],[-33,12],[-70,25]],[[4595,4513],[-26,10],[-102,44],[-13,6],[15,32],[12,-10],[55,110],[1,-1],[0,2],[87,-41],[91,-35]],[[4715,4630],[53,148],[-3,44],[6,37],[7,16],[8,7],[-12,13]],[[4774,4895],[25,3],[46,-9],[25,-62]],[[4870,4827],[84,-228]],[[7497,8072],[-16,-45],[-34,-43],[-3,-74]],[[7444,7910],[11,-31],[32,-155],[-40,-50],[-1,-15],[-14,-14],[-1,-14],[-19,-8],[2,-17],[-8,-9],[-1,-26],[-17,-43],[-14,-12],[-3,-31],[-18,9],[-14,44],[-58,44],[-42,-3]],[[7239,7579],[-29,14],[-12,35],[-26,146],[-18,-1],[-11,51],[-17,50],[-52,161]],[[7074,8035],[233,31],[135,147],[34,20],[5,-16],[16,-145]],[[889,1106],[17,-78],[41,-107],[17,-49]],[[964,872],[-372,-133]],[[592,739],[-20,246],[10,91]],[[6954,4745],[294,62]],[[7248,4807],[149,47],[56,25]],[[7453,4879],[159,-29]],[[7895,4946],[13,-36],[11,-34],[34,-97],[54,-122]],[[8007,4657],[-62,-31],[-25,-24],[-94,-49],[-61,-34],[-89,-17],[-96,-53],[-22,-9],[-23,-20],[-133,-39],[-12,53],[-43,109],[-22,25],[-314,-117],[-57,294]],[[5064,1825],[-7,-2],[-6,-3],[-4,-1],[-8,0],[-12,-1],[-12,-2],[-5,-3],[-3,0],[-5,2],[-9,1],[-5,0],[-1,-1],[-7,-1],[-8,-4],[-3,-1],[-1,0],[-1,1],[0,1],[-2,1],[-1,1],[100,12]],[[4745,1994],[10,-1],[4,-1],[10,2],[4,0],[5,1],[2,-1],[4,0],[9,-4],[1,0],[7,-7],[9,-2],[3,1],[5,0],[4,1],[1,0],[-2,-1],[-4,-1],[-3,0],[-3,-1],[-5,1],[-4,1],[-3,2],[-2,2],[-3,2],[-2,1],[-12,5],[-6,-1],[-17,-2],[-2,0],[-1,0],[-3,1],[-6,2]],[[4627,2140],[-7,1],[-1,0],[-2,2],[-1,1],[-2,2],[0,2],[-1,4],[0,3],[2,3],[0,1],[1,1],[1,1],[4,-21],[6,0]],[[4613,2179],[-5,-4],[-1,-1],[0,-8],[-1,-2],[0,-1],[-1,0],[-2,-1],[-1,0],[-1,1],[-1,0],[0,1],[-1,0],[0,1],[0,8],[-1,2],[0,2],[1,1],[0,1],[1,0],[7,5],[4,3],[2,-9],[0,1]],[[7239,7579],[40,-3],[50,-40],[-15,-92],[38,-51],[0,-29],[-27,-2],[-31,14],[-8,-27],[-33,41],[-26,-27],[-67,13],[-14,19],[-1,50],[-7,54],[-40,4],[-20,-13],[-90,10],[-67,96],[-113,45],[-94,106],[-32,55]],[[6682,7802],[1,60],[13,65]],[[6696,7927],[-4,33],[8,52],[7,27],[30,4],[5,46],[11,33],[11,21]],[[6879,8117],[25,0],[167,-57],[3,-25]],[[7895,4946],[37,0],[98,37],[128,50],[68,30],[110,48],[-16,64],[19,50],[9,56],[4,23],[23,5],[171,20],[111,93],[155,46],[58,0],[51,-14],[71,14]],[[8944,5347],[-77,-37],[-20,-18],[-17,-9],[-22,-20],[-44,-17],[-13,-15],[-52,-17],[-17,-8],[30,-56],[10,-25],[16,-23],[-3,-43],[-69,-26],[-12,-49],[-31,-78],[-133,-122],[93,-136],[39,-83],[64,-57],[64,-53]],[[8750,4455],[-53,-54],[-88,-38],[-39,-34],[-57,-49],[-57,-86],[-40,11]],[[8416,4205],[-58,17],[-186,18],[-165,417]],[[8830,3735],[17,51],[48,141],[26,48],[52,92],[10,46],[-6,57],[21,94],[11,46],[45,64]],[[9054,4374],[52,149],[86,156],[31,77]],[[9528,4622],[1,-92],[20,-14],[-18,-62],[-14,-5],[-30,-68],[-109,-153],[-98,-172],[-36,-26],[-78,-140],[-26,-58],[-77,-172],[-48,-83],[-185,158]],[[4690,5476],[50,-22]],[[4740,5454],[-50,-165]],[[4690,5289],[-86,39]],[[4385,3892],[266,-212],[-8,-16],[77,-63]],[[4720,3601],[-157,-199],[-12,-9]],[[4551,3393],[-128,-167]],[[4423,3226],[-103,81]],[[4018,3478],[-57,-18],[-14,11],[347,431],[24,-13],[30,-31],[37,34]],[[4720,3601],[89,-71],[15,13],[141,73]],[[4965,3616],[150,73]],[[5115,3689],[79,-371]],[[5021,3214],[0,-1],[-50,-31]],[[4785,2936],[-162,130],[-200,160],[128,167]],[[6565,6429],[76,20],[-8,71],[204,39],[62,0],[93,-39],[90,-110],[56,-82],[36,-18],[38,-27],[33,-17]],[[7245,6266],[17,-20],[-32,-1],[-13,-6],[-183,-10],[-106,-21],[-26,2],[-16,-3],[51,-127],[24,-53],[-73,-6],[-384,-59],[-19,51]],[[6457,4340],[386,240]],[[6843,4580],[83,53],[48,13]],[[6974,4646],[39,-209],[35,11],[14,-72],[0,-14],[16,6],[37,-185],[49,10],[35,-186],[-42,-35],[8,-55],[-109,-37],[65,-119],[-238,-165],[-1,1],[-2,-1],[-6,-8],[0,-2],[1,-2],[-37,-85]],[[6838,3499],[-183,218],[-76,156]],[[6579,3873],[-54,112],[-68,355]],[[5389,4836],[125,21]],[[5514,4857],[147,30]],[[5661,4887],[741,-582]],[[6402,4305],[-42,-23],[-318,-180]],[[6042,4102],[-624,46]],[[5418,4148],[37,147],[11,18],[-7,39],[-6,26],[2,12],[-66,446]],[[5884,5523],[14,15]],[[5898,5538],[20,8],[37,87],[48,49],[40,7],[71,16]],[[6441,5838],[59,-73],[107,-51],[64,-183]],[[6502,5463],[-19,2]],[[6483,5465],[-146,-113],[-125,-98],[-42,-32],[-39,-44],[-80,8],[-47,-11]],[[6004,5175],[-22,20],[-19,19],[26,49],[-105,260]],[[5518,7176],[-119,-210]],[[5314,6816],[-228,-411]],[[5086,6405],[-150,79]],[[4936,6484],[0,0]],[[4936,6484],[4,12],[-4,5],[419,767]],[[5355,7268],[95,-53],[12,-7],[56,-32]],[[5149,4216],[2,1],[1,1],[2,0],[2,1],[2,0],[104,-215],[-10,-58],[23,-136],[-149,-92],[-11,-28],[-40,185],[-97,61],[50,86],[121,194]],[[6074,8651],[27,-60],[6,-5],[-1,-25],[55,-21],[25,-2],[20,25],[50,-24],[18,1]],[[6274,8540],[70,-35],[-37,-61],[-4,-11],[-21,-23],[-10,-17],[-22,-20],[-48,-47],[-8,-29]],[[6194,8297],[-6,-17]],[[6188,8280],[-50,28]],[[6138,8308],[-26,19],[-45,-2]],[[6067,8325],[-70,-10],[-79,15],[-9,2],[-11,4],[120,227],[56,88]],[[592,739],[-28,-142],[23,-52]],[[587,545],[-72,20],[-30,-3],[-28,36],[-74,7],[-78,10],[-79,-6]],[[226,609],[-1,33],[18,19],[-4,12],[1,4],[0,5],[-4,9],[-2,3],[-4,0],[-2,2],[-1,3],[-1,4],[0,5],[2,7],[6,10],[3,6],[5,23],[1,7],[0,2],[-3,2],[0,2],[1,12],[1,3],[2,3],[2,3],[0,2],[-3,2],[-8,0],[-2,14],[-4,6],[-3,4],[-1,3],[1,2],[2,0],[5,-2],[2,0],[4,1],[3,0],[1,-2],[2,-2],[3,-1],[5,0],[3,1],[1,1],[10,21],[1,3],[0,2],[0,3],[-4,33],[-7,1],[-1,1],[-1,5],[-1,10],[1,3],[3,1],[2,2],[1,4],[-2,7],[-4,10],[-2,6],[-21,32],[-6,7],[-3,6],[-3,5],[-4,2],[-3,0],[-2,-2],[-3,-3],[-4,1],[-5,4],[-4,3],[-2,4],[-1,7],[1,6],[15,22],[-5,9],[-3,7],[-2,7],[0,13],[0,9],[-2,5],[-2,5],[-4,4],[-3,4],[-1,4],[0,5],[-2,6],[-5,7],[-9,9],[-13,16],[-1,3],[1,3],[27,52],[47,49],[18,-19],[7,-1],[7,1],[6,2],[36,32],[12,15],[5,2],[6,8],[9,16],[3,3],[16,4],[3,3],[1,2],[2,4],[1,6],[1,7],[0,6],[-3,3],[-2,4],[-2,3],[1,4],[1,2],[4,6]],[[7135,5089],[23,-100],[48,-49]],[[7206,4940],[42,-133]],[[6954,4745],[-100,-26],[-261,-242],[-53,-19],[-38,33],[-41,-58],[-70,125],[-33,116]],[[6358,4674],[43,87],[99,140],[70,86],[106,39],[117,21]],[[6793,5047],[15,-62]],[[7040,5113],[93,64],[2,-88]],[[7815,9171],[-29,-161],[25,-118],[31,-12],[11,-112],[27,-45],[25,-16],[-26,-42],[-42,-37],[-54,-17],[-55,-11],[-42,-7]],[[7686,8593],[-13,-4],[-59,-2],[-26,7],[-85,12]],[[7503,8606],[-80,21],[3,11]],[[7369,9086],[60,45],[29,31],[53,16]],[[7511,9178],[55,-119],[23,2],[60,16],[32,50],[48,12],[51,20],[35,12]],[[4612,5799],[110,-62]],[[4758,5526],[-18,-72]],[[4744,4038],[145,233],[45,84]],[[4963,4416],[43,85],[10,-19],[139,-256]],[[5155,4226],[-128,-204],[-50,-86],[98,-61],[40,-186]],[[4965,3616],[-25,180],[-119,95],[41,52],[-118,95]],[[4732,6597],[204,-113]],[[5086,6405],[158,-87]],[[5244,6318],[-59,-106],[105,-60]],[[5290,6152],[-36,-37],[-66,-98]],[[4947,6148],[-158,86]],[[4789,6234],[65,120],[-188,102],[-16,7]],[[4650,6463],[-58,34],[4,8],[60,-31],[10,20],[-56,32],[3,9],[44,-21],[9,17],[-37,28],[2,3],[38,-17],[3,4],[-35,22],[6,7],[36,-21],[5,7],[-37,23],[2,5],[39,-21],[4,7],[-38,24],[4,7],[41,-21],[2,6],[-38,28],[3,4],[42,-24],[3,7],[21,-12]],[[5124,7394],[125,232],[35,54],[-19,18],[2,7],[11,-8],[22,11]],[[5300,7708],[129,-187],[29,-13]],[[5458,7508],[-76,-138],[-51,-89]],[[5331,7281],[-207,113]],[[1061,1142],[37,30],[94,33],[52,-147],[30,42]],[[1274,1100],[58,-145],[34,-64],[-14,-13],[142,-269]],[[1494,609],[-67,-40],[-36,-7],[-18,19],[-35,4],[-27,-41],[-18,3],[-33,-22],[-27,-38]],[[1233,487],[-155,275],[-60,106]],[[1018,868],[-32,-4],[-22,8]],[[5880,7274],[-237,130],[-125,-228]],[[5355,7268],[-24,13]],[[5458,7508],[50,72],[30,81],[61,164],[29,60],[30,102]],[[5658,7987],[128,-73]],[[5786,7914],[8,-67],[1,-53],[-4,-27],[10,-95],[-11,-151],[20,-87],[59,-103],[11,-57]],[[907,1999],[1,8],[3,24],[3,6],[5,4],[4,8],[1,16],[3,11],[3,4],[1,6],[2,9],[4,7],[-2,6],[-1,6],[0,3],[3,5],[1,5],[-1,10],[3,18],[0,20],[-3,28],[-1,6],[4,9],[3,7],[-1,5],[-2,1],[-4,2],[1,2],[5,13],[7,1],[8,2],[5,3],[2,4],[-1,4],[5,6],[5,-1],[3,3],[3,1],[1,2],[-2,4],[1,8],[2,6],[-2,4],[20,25],[4,-2],[4,1],[3,2],[-1,3],[2,4],[5,1],[3,5],[3,6],[4,5],[1,5],[-1,3],[1,4],[10,11],[4,1],[2,3],[-1,3],[0,3],[1,6],[3,7],[6,13],[8,8],[1,13],[2,15],[-1,7],[0,8],[2,3],[2,0],[2,-2],[1,-1],[1,3],[-1,2],[-1,2],[-1,2],[-1,33],[7,22],[3,2],[2,-1],[3,5],[1,3],[0,1],[1,4],[3,9],[2,21],[-11,23],[-1,4],[-2,7],[-6,16],[-8,11],[-1,8],[-5,11],[-2,5],[-5,2],[-2,0],[-3,8],[0,5],[1,7],[1,13],[5,18],[3,7],[10,16],[5,7],[4,5],[42,76],[-29,63],[-88,18],[-14,61],[7,169],[54,162],[47,49],[325,-246],[30,-39],[50,-38],[79,-18],[-53,-379],[45,3],[22,19],[108,30],[138,33],[-21,-107],[-25,-43],[-4,-121],[-47,12],[-42,-28],[7,-38],[-47,-52],[-32,-18],[-20,2],[-77,56],[-86,70],[-8,-23],[-8,-50],[-6,-10],[-27,-2],[-25,-17],[-13,-42],[3,-24],[23,-45],[-4,-12],[-49,-57],[-2,-25],[53,-90],[5,-33],[-10,-22],[-12,-17],[-33,-13],[-38,2],[-20,5],[-16,12],[-30,-2],[-15,-10],[-41,-20],[-38,13],[-34,20],[-57,17],[-66,24],[-25,2],[-40,-14]],[[6491,6810],[17,16],[2,1],[1,-1],[42,-35],[1,0],[0,-4],[0,-1],[-13,-15],[-2,-3],[-1,-3],[0,-1],[1,0],[8,0],[2,0],[5,-5],[0,1],[0,1],[2,-4],[1,-2],[4,-5],[1,-2],[1,-2],[0,-5],[-1,-2],[-1,0],[1,-1],[-5,-5],[-66,77]],[[6065,6858],[7,6],[5,4],[6,2],[7,3],[3,1],[1,1],[1,7],[1,4],[2,5],[0,1],[9,12],[15,22],[-15,-21],[-10,-32],[-32,-15]],[[6122,6926],[23,32],[0,1],[9,10],[17,16],[14,9],[3,3],[0,1],[0,1],[-1,1],[4,5],[0,1],[2,-1],[2,-2],[1,0],[7,3],[0,1],[0,6],[0,1],[11,10],[2,1],[0,1],[3,1],[3,4],[8,1],[4,-1],[51,-13],[1,-1],[4,-1],[41,-10],[9,-2],[6,-2],[2,0],[2,0],[8,-2],[11,-2],[1,0],[9,-3],[10,-2],[11,-6],[0,1],[6,-9],[6,-6],[17,-15],[8,-7],[16,-16],[2,-1],[2,0],[2,0],[1,0],[0,-1],[1,0],[1,-1],[0,-1],[6,-12],[6,-7],[7,-15],[-1,-2],[-30,-31],[-21,-22],[-3,-2],[-2,-1],[-25,-1],[-1,0],[-13,0],[-2,-1],[-1,-1],[-3,-2],[0,-1],[0,1],[-1,0],[-9,-9],[-10,-13],[-7,-14],[-1,-13],[4,-2],[0,-1],[1,-1],[1,-1],[1,-1],[1,0],[1,0],[2,2],[0,1],[1,3],[1,2],[0,2],[0,1],[8,16],[11,11],[6,3],[31,3],[-3,1],[0,1],[6,-2],[3,0],[1,0],[4,2],[7,5],[13,10],[1,1],[2,1],[1,-1],[2,0],[2,2],[7,5],[2,0],[23,-19],[0,-1],[0,-3],[-9,-10],[2,3],[-18,21],[-27,-24],[-48,-8],[-40,-72],[-215,211],[-14,-20]],[[7245,6266],[83,63],[47,52],[133,35],[64,104],[75,56],[47,55],[15,40],[37,-7]],[[7746,6664],[-7,-69],[-7,-71],[-8,-64],[-9,-70],[45,-155],[81,22],[133,-117],[52,4],[106,-13]],[[7604,5328],[-37,46],[-30,91],[-37,73],[-50,66],[-32,57],[-18,52],[-9,91]],[[7391,5804],[-14,66],[-132,396]],[[6010,5092],[8,-17],[-68,-77],[-198,-92]],[[5752,4906],[-87,-18],[-151,-31]],[[5514,4857],[-127,-21],[-137,-30]],[[5250,4806],[-380,21]],[[4774,4895],[-78,80],[57,16],[14,-5],[3,11],[34,-13],[14,1],[146,19],[17,12],[37,-29],[14,-8],[20,17],[6,-14],[-22,-34],[-13,-12],[9,-13],[2,0],[2,0],[14,30],[6,-4],[-18,-36],[2,-1],[0,-1],[-3,-6],[-8,-14],[6,-2],[10,20],[4,4],[3,-1],[12,-6],[-19,-38],[10,2],[13,26],[4,3],[18,-20],[7,1],[-7,9],[-12,15],[0,1],[1,1],[10,1],[21,-24],[8,2],[-31,39],[8,7],[38,-43],[10,3],[-48,56],[2,4],[6,-4],[1,1],[5,7],[-4,4],[2,4],[15,-11],[-73,59],[10,20],[8,-12],[17,-15],[16,11],[-38,36],[7,7],[37,21],[30,-40],[5,-6],[17,1],[-5,14],[-5,10],[0,26],[5,27],[0,2],[-1,2],[-2,0],[-3,0],[-1,1],[0,1],[1,1],[1,0],[2,0],[1,2],[0,2],[-2,1],[0,2],[1,1],[3,1],[4,2],[-9,30],[2,11],[8,5],[10,7],[0,5],[4,14],[8,23],[2,34],[14,16],[-2,17],[17,12],[87,-60],[82,-34],[25,-10],[250,16],[325,-20],[51,-76],[-21,-27]],[[1832,2682],[42,-4],[112,-7],[90,-2],[79,11]],[[2155,2680],[80,5]],[[2235,2685],[22,-230],[-28,-103],[58,-17],[80,16],[74,-61],[47,-44]],[[2488,2246],[-73,-111]],[[2415,2135],[-28,-38],[0,-43],[-50,-63],[-13,-42],[4,-30],[-12,-26],[-43,-15],[-16,-82],[-5,-40],[-3,-53],[-2,-33],[7,-21],[-22,-29],[-16,-41],[-25,-26],[-9,-29],[-16,-22]],[[1877,1805],[39,11],[23,-10],[11,5],[10,26],[-10,15],[4,16],[-17,28],[-1,21],[12,9],[119,34],[79,37],[12,40],[9,12],[58,21],[4,11],[-31,13],[-17,20],[4,28],[-65,52],[-11,5],[-81,-5],[-19,-13],[-4,-20],[-8,-27],[-27,-25],[-74,-103],[-345,-259],[-29,8],[-17,168],[61,318],[37,61],[20,-2],[32,18],[47,52],[-7,38],[42,27],[47,-11],[4,121],[25,42],[19,95]],[[5300,7708],[-15,22],[32,41],[25,-15],[21,42],[-31,16],[58,104],[25,-12],[4,25],[80,148]],[[5499,8079],[159,-92]],[[6182,9323],[15,27],[26,20],[23,8],[14,-4],[5,-14],[7,-23],[75,-27],[16,13],[152,-39]],[[6515,9284],[-43,-90],[-4,-45],[-29,-31],[-25,-52],[-11,-42],[-11,-46],[-11,-44]],[[6381,8934],[-17,4]],[[6364,8938],[-41,45],[-48,17]],[[6275,9000],[-4,66],[-7,14],[-3,7],[-4,9],[-8,2],[-12,11],[-8,20],[-7,-2],[-11,3],[-18,6]],[[6263,9306],[-29,6],[-52,11]],[[6074,8651],[76,95],[24,14],[51,98],[0,21],[9,34],[3,48],[10,-2]],[[6247,8959],[9,18],[17,12],[2,11]],[[6364,8938],[41,-9]],[[6405,8929],[25,-16],[-22,-35]],[[6408,8878],[48,-16]],[[6344,8653],[-9,-15],[-30,-49],[-31,-49]],[[6838,3499],[-49,-114],[59,-69],[-147,-118],[14,-39],[-14,-36],[-41,40],[-75,-72],[-14,-60],[-24,-40],[-79,-6],[-51,51],[-42,51],[-136,74],[-66,55],[-30,-3],[56,-37],[60,-50],[47,-42],[53,-45],[83,-45],[195,-315],[-31,-33],[-57,1],[-120,-35],[-61,-113],[-49,-30],[-57,-78],[-494,598]],[[5768,2989],[320,273],[-26,17],[-19,227],[242,222],[108,114],[64,3],[72,2],[50,26]],[[4614,4140],[130,-102]],[[4385,3892],[-6,24],[212,198],[23,26]],[[8340,8584],[1,0],[3,5],[2,8],[1,5],[2,6],[0,5],[2,4],[7,-2],[6,8],[10,8],[0,2],[5,12],[8,0],[4,2],[3,2],[1,-3],[2,-2],[1,-4],[1,-8],[2,-10],[0,-3],[2,-7],[-2,-11],[-2,-2],[0,-2],[1,-1],[2,-3],[0,-31],[5,-14],[0,-2],[6,-18],[2,-2],[10,-13],[1,-2],[7,-9],[16,-16],[7,-10],[6,2],[18,6],[-12,-19],[8,-15],[2,-2],[15,-29],[14,-24],[2,-2],[4,-19],[-4,-7],[3,-2],[1,-4],[-2,-3],[-1,-7],[-6,-14],[-13,-10],[4,-6],[-3,-6],[-7,-6],[6,-47],[3,-7],[20,-14],[4,0],[4,-16],[7,-4],[2,-10],[2,-7],[-6,-6],[5,-12],[-6,-9],[2,-9],[-12,-9],[-8,-17],[-10,-8],[-4,8],[-22,13],[-10,12],[-2,7],[1,5],[-5,7],[2,4],[-8,3],[-4,0],[-2,3],[-4,1],[-3,0],[-6,-1],[-4,0],[-1,7],[13,18],[-16,-11],[-2,5],[4,2],[-2,15],[-8,14],[-7,14],[-5,15],[-6,16],[-7,15],[-8,15],[-1,9],[-9,4],[1,9],[-11,12],[-3,15],[-2,16],[-1,2],[0,7],[0,3],[0,3],[1,4],[2,4],[3,3],[2,2],[1,2],[2,2],[2,1],[2,1],[4,1],[2,1],[2,0],[2,0],[3,4],[10,7],[-11,19],[7,3],[-3,4],[4,6],[6,7],[-10,25],[-6,9],[-24,55],[-12,15],[-7,4],[-4,1],[0,2],[0,2],[6,-1]],[[9054,4374],[-34,5],[-83,-34],[-47,21],[-140,89]],[[1274,1100],[84,123]],[[1358,1223],[23,42]],[[1791,803],[-20,-49],[-39,-20],[-22,5],[-123,-90],[-22,-14],[-31,-1],[-40,-25]],[[4377,5334],[0,14],[-10,4],[2,4],[-53,14],[2,6],[63,-12],[1,11],[-62,13],[2,7],[50,-5],[1,4],[15,-2],[2,17],[-5,39],[-66,11],[5,21],[68,-14],[6,25]],[[4598,5319],[-45,-68],[-10,-48]],[[4543,5203],[-29,-37]],[[4514,5166],[-43,11],[-68,42],[-31,23]],[[5630,2901],[38,1],[70,62],[30,25]],[[5768,2989],[295,-357],[-90,-45],[-94,0],[-39,-39],[79,-139],[106,-128],[167,-122],[-1,0],[-128,-65],[-133,-2],[-3,1],[-11,0],[-16,0],[-11,-1],[-8,0],[-4,-1],[-6,-1],[-9,-2],[-5,-2],[-4,-2],[-3,-3],[-1,-4],[0,-2],[-3,-1],[-2,0],[-4,1],[-1,0],[-2,0],[-3,1],[-1,2],[-3,4],[-2,1],[-2,0],[-2,-1],[-3,-2],[-2,-1],[-4,0],[-2,0],[-3,0],[-2,1],[-2,0],[-1,1],[-3,-1],[0,-2],[-6,1],[-5,0],[-2,0],[-3,0],[-15,2],[-1,1],[0,3],[-7,1],[-3,1],[-6,0],[-2,-3],[-5,0],[0,2],[-8,-1],[-1,1],[0,1],[-2,1],[-2,0],[0,-1],[-11,0],[-1,1],[-4,0],[0,-5],[-2,0],[0,3],[0,1],[-1,0],[-1,0],[-1,-1],[-1,0],[1,-2],[-15,0],[0,4],[-35,-1],[-1,1],[-3,0],[-1,6],[-6,0],[-13,-2],[-18,-1],[-7,0],[-11,1],[-24,1],[-6,0],[-8,0],[-10,0],[-14,-1],[-7,0],[-21,-4],[-14,-2],[-38,-4],[-15,-2],[-59,43],[-175,-23],[-182,-36],[-131,14],[-35,-39],[-3,12],[-2,-1],[-16,-12],[-3,-3],[-3,-5],[-2,-6],[-4,-12],[-4,-7],[-1,0],[-4,-6],[-2,0],[-4,3],[-2,3],[-1,2],[-7,5],[-4,2],[-4,3],[-11,8],[-5,3],[-3,1],[-3,1],[-2,0],[-3,1],[-8,2],[-2,0],[-2,1],[-1,0],[-1,1],[-1,1],[0,2],[1,3],[1,2],[0,1],[-1,1],[-1,0],[-2,-1],[-2,-1],[0,1],[0,2],[0,2],[2,2],[1,1],[1,1],[1,3],[1,5],[4,9],[19,40],[0,2],[0,1],[-1,0],[0,1],[0,2],[0,1],[1,1],[-1,0],[-12,-6],[-9,-5],[-7,-4],[-16,-10],[-1,-1],[0,-1],[-3,-1],[-1,-1],[-2,-2],[-2,0],[-1,-2],[-2,-2],[-15,-8],[-3,-1],[-2,-1],[-3,-1],[-2,-1],[0,-1],[-2,-2],[-3,0],[-1,-2],[-2,-1],[-2,-2],[-3,0],[-3,0],[-2,-1],[-1,-1],[-18,4],[-8,3],[-5,2],[-2,1],[-2,1],[-5,1],[-3,1],[-3,1],[-4,1],[-3,1],[-22,6],[-2,1],[-1,2],[0,1],[-1,3],[-1,15],[1,3],[1,2],[7,6],[1,1],[2,1],[4,3],[9,6],[-49,221],[241,306]],[[4566,4116],[-7,-21],[-2,-4],[-1,-1],[-2,-1],[-4,-1],[-2,0],[-2,1],[-3,2],[-1,0],[-1,2],[20,8],[5,15]],[[4504,4158],[-2,-6],[-5,-15],[-7,-18],[-1,-1],[-1,0],[-57,-1],[39,1],[34,40]],[[4481,4012],[-3,3],[-9,7],[-1,1],[0,1],[-1,0],[0,2],[1,2],[0,1],[0,1],[1,0],[1,0],[1,-1],[2,-1],[1,0],[2,0],[1,2],[1,1],[1,1],[1,-1],[7,-5],[3,-2],[2,-2],[-11,-10]],[[4429,3964],[-9,8],[-1,3],[1,0],[3,6],[3,4],[2,3],[3,2],[1,0],[4,2],[9,2],[5,1],[1,0],[6,-5],[-28,-26]],[[4379,3916],[-26,21],[-7,5],[-1,2],[0,1],[1,2],[15,10],[4,3],[12,8],[2,0],[29,-24],[-29,-27],[0,-1]],[[4385,3894],[-1,0],[-23,19],[-1,0],[0,2],[1,1],[1,0],[21,-18],[2,-4]],[[4352,3862],[-1,0],[-5,56],[8,-6],[2,-1],[0,-1],[0,-1],[-1,-1],[-2,-3],[-1,-1],[0,-1],[25,-19],[-1,0],[-24,-22]],[[4359,4178],[0,-1],[-1,0],[-1,0],[-2,2],[-2,2],[-2,2],[-2,0],[-1,-2],[-10,-11],[-1,-1],[-1,0],[-1,0],[0,1],[-1,1],[0,1],[13,15],[12,-10],[0,1]],[[4294,3902],[37,2],[1,0],[20,-48],[-2,5],[-2,-3],[-30,31],[-24,13]],[[4321,4206],[-3,-2],[-12,-14],[-1,-1],[-2,-1],[-1,1],[-4,3],[0,1],[0,2],[20,21],[-4,-4],[7,-6]],[[4257,3856],[-1,1],[-1,1],[0,1],[0,1],[0,2],[0,3],[1,3],[2,2],[1,1],[1,0],[1,0],[6,-3],[-10,-12]],[[4240,3835],[-5,4],[-1,2],[-1,1],[0,2],[1,1],[1,1],[1,1],[1,0],[1,0],[1,0],[6,-6],[-5,-6]],[[4207,3793],[-8,6],[0,2],[0,1],[0,1],[1,1],[0,1],[1,0],[1,0],[4,-2],[5,-4],[-4,-6]],[[4190,3772],[-7,6],[-1,1],[0,2],[0,1],[1,1],[1,1],[2,0],[8,-7],[-4,-5]],[[4173,3752],[-6,6],[0,1],[-1,0],[0,1],[0,1],[1,1],[1,1],[2,0],[3,-2],[5,-3],[0,-1],[-5,-5]],[[3992,3528],[-5,2],[-1,0],[1,2],[7,8],[1,1],[1,0],[4,-3],[0,-1],[-8,-9]],[[2796,2274],[413,-284],[26,-31],[1,-22]],[[3236,1937],[-225,-230],[-58,-86]],[[2953,1621],[-262,203],[-182,142],[-38,94]],[[2471,2060],[-16,22],[-40,53]],[[2488,2246],[57,45],[79,31],[52,-40],[11,-25],[109,17]],[[4614,4140],[28,33],[-40,100],[-22,38],[-36,61],[51,141]],[[7746,6664],[35,17],[116,-9],[232,62],[38,31]],[[8167,6765],[51,-94],[72,-86],[111,-156],[35,-48]],[[8436,6381],[-1,0]],[[8830,3735],[-54,45],[-119,115],[-70,31],[-125,55],[-75,13],[5,68],[24,143]],[[5244,6318],[108,-61]],[[5352,6257],[-28,-51],[-34,-54]],[[5482,6197],[114,160],[12,46],[89,86],[14,25],[50,5],[18,33],[-53,19],[0,35],[48,134],[36,10],[44,-21],[7,-21],[29,-7],[16,18],[37,27],[14,-21],[38,-76],[50,-52],[75,-71],[188,-40],[34,-12],[31,-7]],[[6230,6119],[-58,15],[-69,11],[-58,-14],[-15,-9],[-134,-23],[-92,-8],[-66,-69],[-256,175]],[[5486,6916],[134,-76]],[[5620,6840],[0,-39],[15,-29],[10,-48],[-23,-82],[-12,-34],[-61,-67],[-56,-88],[-50,-76],[-61,-79],[-30,-41]],[[4026,2715],[228,335]],[[4423,3226],[199,-160]],[[4218,2561],[-134,-4],[-67,25],[-33,52],[6,24],[2,10],[-27,34]],[[4514,5166],[108,-102]],[[4622,5064],[-51,-28],[22,-25],[-7,-7],[-21,27],[-4,-2],[17,-30],[-4,-4],[-19,27],[-6,-5],[21,-26],[-5,-2],[-21,24],[-5,-5],[23,-26],[-6,-5],[-22,29],[-8,-7],[20,-26],[-4,-5],[-21,25],[-8,-9],[22,-24],[-5,-7],[-25,23],[-14,-9],[20,-24],[-4,-4],[-20,25],[-8,-11],[27,-32],[-11,-6],[-28,28],[-25,-27],[-9,-5],[14,-16],[-8,-3],[-14,13],[-3,-4],[-15,-6],[3,-7],[-21,-7],[-25,-5],[-2,15],[-5,0],[-3,-9],[-17,8],[-12,10],[-25,29],[-11,20],[1,11],[7,0],[10,10]],[[6247,8959],[-34,22],[-10,-88],[-58,-85],[-12,-51],[-43,-71],[-35,-29],[-29,26],[6,-49],[-21,-49],[-8,-17]],[[6003,8568],[-7,65],[-33,93],[-44,97],[-121,33]],[[5798,8856],[23,43],[-10,12],[70,149],[15,15],[11,4],[20,36],[71,-18],[12,-24],[-9,-42],[31,-13],[-10,34],[101,-20],[6,16]],[[6515,9284],[131,-18],[102,-33],[120,-38],[104,-16]],[[6972,9179],[-14,-47],[8,-25]],[[6881,8856],[-24,-31],[20,-72],[-49,-78]],[[6828,8675],[-41,-11],[-24,29]],[[6763,8693],[-95,137],[-3,-1]],[[6456,8862],[-48,16]],[[6405,8929],[-24,5]],[[6154,5957],[-21,-132],[-19,-120]],[[5898,5538],[-14,-17],[0,2]],[[5884,5523],[-150,49],[-43,45],[-12,40],[-31,55],[-184,84],[-65,8],[-99,-64],[-16,9],[16,53],[-4,35],[28,54],[28,31],[-3,50],[53,109],[80,116]],[[4497,6240],[23,-13],[203,-113]],[[4723,6114],[-31,-58],[158,-85]],[[4850,5971],[-128,-234]],[[4431,5889],[3,10],[-51,7],[2,10],[49,-6],[3,13],[-50,8],[1,10],[49,-7],[3,14],[-50,7],[0,6],[52,-4],[1,16],[-50,8],[0,10],[52,-9],[2,15],[-49,8],[1,10],[49,-6],[1,16],[-30,9],[11,36],[8,-1],[2,9],[-27,13],[0,7],[29,-11],[4,16],[-29,14],[2,6],[30,-18],[2,11],[-27,17],[2,7],[27,-18],[4,19],[-24,11],[2,9],[25,-11],[0,6],[-30,17],[2,5],[32,-16],[18,41],[-22,11],[5,10],[21,-11],[2,5],[-31,13],[3,6],[30,-14],[1,6],[-25,14],[0,9],[31,-12]],[[4543,5203],[11,48]],[[4554,5251],[85,-53],[93,11]],[[4732,5209],[-2,12]],[[4730,5221],[17,43],[-57,25]],[[4740,5454],[305,-120]],[[5045,5334],[35,-7],[-46,-154],[-33,-54],[-48,-19],[-104,-17],[-51,4],[-3,25],[-12,0],[4,-27],[-6,0],[-7,25],[-124,-28],[-28,-18]],[[6972,9179],[72,239],[35,50],[-2,22],[7,18],[13,53],[2,36],[25,58]],[[7124,9655],[5,-1],[3,5],[-1,8],[1,9],[-3,3],[-7,5],[12,14],[14,-7],[4,-2],[6,5],[10,6],[5,23],[0,6],[0,3],[2,3],[1,3],[3,4],[2,5],[4,4],[-1,5],[0,2],[1,5],[2,5],[1,2],[1,3],[2,5],[0,-1],[1,0],[1,-1],[9,9],[5,-2],[5,7],[1,-2],[1,1],[10,4],[5,12],[-1,12],[-3,1],[-10,5],[8,15],[12,33],[30,2],[30,10],[-31,-43],[-21,-37],[6,-4],[6,-2],[20,-2],[15,20],[36,-18],[26,-20],[17,-5],[14,-10],[11,-3],[1,-13],[0,-10],[5,-2],[21,-6],[17,6],[18,-1],[3,-17],[3,-10],[1,-6],[0,-7],[2,-14],[1,-5],[3,-7],[4,-8],[6,-11],[1,-2],[0,-2],[1,0],[17,-19],[4,-20],[-16,-27],[16,-52],[14,-32],[87,-25]],[[7603,9469],[-14,-37],[-7,-54]],[[7582,9378],[-56,-17],[-76,2],[13,-65],[48,-120]],[[7369,9086],[-86,-42],[-43,-48],[-25,10],[-232,95]],[[2415,2135],[56,-75]],[[2953,1621],[-61,-85],[-27,1],[-36,-56],[-82,-128],[-40,6],[-94,-142],[-33,5]],[[2965,2470],[42,38],[44,8],[39,81],[25,33],[97,0],[87,-15],[70,-34],[65,-29],[13,-54],[-1,-10],[47,-81],[55,-83],[-108,-149],[-51,-81],[-68,-69],[-71,-73],[-14,-15]],[[2796,2274],[0,10],[1,22],[5,22],[16,17],[107,61],[23,18],[17,46]],[[6551,7891],[71,0],[1,0],[41,29],[32,7]],[[6682,7802],[35,-88],[27,-33],[45,-37],[6,-13],[113,-50],[12,-37],[13,-5],[40,-128],[2,-13],[-67,-126],[-54,-14],[-5,23],[-20,9],[-2,12],[-70,7],[-57,-8],[-5,-10],[-17,4],[-11,-12],[-66,100],[-26,20],[-54,-3],[-32,7],[-122,-52]],[[6367,7355],[-25,172]],[[6342,7527],[-18,16]],[[6324,7543],[92,29],[16,-8],[142,167],[-20,19],[-3,141]],[[587,545],[-19,-57],[56,-166],[2,-84],[2,-76],[-2,-9]],[[626,153],[-17,-2],[-33,-23],[-18,-2],[-70,24],[-125,-51],[-19,-31],[-32,-24],[-34,-2],[-13,-22],[-16,9],[-17,-4],[-54,-25],[-66,15],[-29,33],[-17,48],[-38,59],[-18,54],[-10,83],[43,54],[1,57],[18,23],[1,16],[85,67],[32,9],[12,21],[7,10],[15,10],[35,-9],[13,20],[-36,39]],[[4554,5251],[44,68]],[[4690,5289],[58,-26],[-18,-42]],[[4732,5209],[-93,-11],[-85,53]],[[6358,4674],[-45,44]],[[6313,4718],[14,47],[-132,99],[16,29],[-35,28],[15,29],[-181,142]],[[6010,5092],[19,25],[-25,58]],[[6483,5465],[0,0]],[[6771,5137],[22,-90]],[[6927,5614],[41,19],[5,4],[7,3],[18,7],[1,0],[7,2],[32,9],[11,3],[3,1],[0,-1],[100,43],[64,27],[65,8],[66,42],[44,23]],[[7547,4862],[-94,17]],[[7206,4940],[-48,49],[-23,100]],[[7135,5089],[-1,88]],[[5499,8079],[13,49],[14,54],[48,132],[-16,76],[1,66],[39,39],[120,187],[80,174]],[[6003,8568],[-40,-73],[-69,-127],[-38,-103],[-50,-100],[-26,-62],[-6,-91],[6,-58],[6,-40]],[[6402,4305],[55,35]],[[5768,2989],[-98,-84],[-40,-4]],[[5956,3487],[28,177],[34,105],[33,166],[19,93],[-28,74]],[[5661,4887],[91,19]],[[6313,4718],[66,-56],[-7,-15],[24,-70],[65,-126],[43,63],[32,-38],[35,28],[13,-16],[273,239],[56,27],[42,-7],[19,-101]],[[6843,4580],[-386,-240],[-55,-35]],[[1574,2988],[-79,18],[-50,39],[-30,39],[-325,245],[210,222],[180,9],[142,-56]],[[8807,2977],[4,-136],[72,-68],[146,-34],[47,51],[90,-11],[68,-74],[81,-153],[-17,-102],[34,-74],[22,-45],[-176,-11],[-111,-97],[-376,17],[-607,-164],[-714,-255],[-880,-380],[-150,11],[-692,-334],[43,300],[120,61],[46,104],[244,34],[135,68],[66,-46],[80,43],[170,91],[194,8],[236,137],[324,188],[175,-24],[582,323],[43,108],[175,-12],[143,130],[194,125],[58,68],[131,153]],[[4936,6484],[-204,113]],[[4732,6597],[-60,35],[0,4],[-8,6],[105,197],[41,-18],[65,102],[48,111],[103,185],[98,175]],[[1150,1679],[21,-69],[10,12],[37,13],[44,32],[61,14],[78,-16],[137,-73],[-20,-23]],[[1490,1536],[-109,-272],[-23,-41]],[[928,1489],[28,2],[73,45],[105,139],[16,4]],[[592,739],[98,35],[140,50],[134,48]],[[1018,868],[58,-103],[157,-278]],[[1233,487],[-74,-106],[-13,-14],[-9,-18],[-10,1],[-8,-2],[-6,-2],[-5,-4],[-6,-7],[-4,-1],[-9,0],[-7,2],[-9,5],[-10,9],[-9,8],[-21,14],[-8,3],[-4,1],[-3,4],[-4,13],[-13,-3],[-72,-1],[-23,-12],[-66,-24],[-9,-26],[-9,-15],[-15,-13],[-7,-21],[-14,-13],[-28,-17],[-17,-25],[-12,-18],[-20,-24],[-11,-11],[-30,-11],[-17,-3],[-25,-3]],[[5250,4806],[104,25],[35,5]],[[5418,4148],[-126,33],[-137,45]],[[5155,4226],[-136,254],[-14,18]],[[4789,6234],[-66,-120]],[[4497,6240],[2,4],[-27,16],[4,6],[29,-18],[1,7],[-24,17],[0,6],[29,-15],[3,6],[-17,15],[3,4],[19,-14],[15,34],[-36,20],[5,13],[50,-17],[7,14],[-37,22],[4,5],[37,-21],[10,18],[-39,25],[4,4],[39,-21],[8,11],[-39,24],[4,8],[51,-25],[9,17],[-48,28],[5,13],[56,-33],[6,17],[-53,37],[4,5],[58,-32],[11,23]],[[787,1468],[-1,4],[-1,2],[1,2],[1,2],[2,1],[3,2],[4,5],[3,6],[2,8],[1,6],[-2,5],[-1,4],[2,9],[7,14],[1,6],[-1,10],[0,9],[4,12],[3,5],[-2,8],[-4,15],[-1,8],[9,42],[1,5],[19,43],[7,21],[10,22],[5,30],[19,86],[1,3],[4,5],[3,4],[0,12],[-1,6],[-3,4],[0,5],[5,2],[4,7],[-2,10],[-1,5],[1,3],[6,2],[1,5],[-1,6],[-1,3],[1,3],[6,9],[5,25],[1,16],[40,13],[25,-1],[66,-25],[57,-16],[34,-20],[38,-13],[41,19],[13,-98],[-27,-115],[-44,-60]],[[5518,7176],[240,-130]],[[5758,7046],[-16,-33],[-18,-51],[-42,-69],[-44,-33],[-18,-20]],[[8167,6765],[159,-10],[159,13],[-5,60],[-47,73],[-64,98],[26,17],[139,22],[9,52],[-19,20],[0,14],[23,29],[83,-4],[38,-31],[83,-191],[-59,-20],[62,-82],[33,-54],[23,-23],[6,-66],[97,-138],[-57,-16],[-72,-3],[-96,-32],[-199,-64]],[[8489,6429],[-53,-48]],[[6067,8325],[45,2],[26,-19]],[[6188,8280],[0,0]],[[6188,8280],[-29,-105],[-94,-133]],[[6065,8042],[-66,-149],[-24,-57],[-36,-83]],[[5823,7765],[-2,37],[-1,10],[-7,37],[4,15],[-1,43],[-6,17],[-10,116],[7,63],[46,106],[26,91],[19,36],[11,-4],[9,-2],[79,-15],[70,10]],[[6030,9329],[9,24],[0,21],[35,118],[-2,15],[8,12],[123,480],[247,-88],[46,-18],[38,-14],[114,-44]],[[6648,9835],[-29,-140],[19,-47],[38,-37],[11,-50],[-54,-167],[-42,-27],[-44,-15],[-32,-68]],[[7582,9378],[9,57],[12,34]],[[7603,9469],[106,-36],[42,-1],[31,-21],[3,10],[79,-28],[45,-17],[18,-1],[27,-12],[161,-57],[209,-71],[-42,-71],[-48,-145],[-35,-5],[-67,-130],[-79,53],[6,12],[-20,-3],[20,-36],[-16,-13],[35,7],[43,-61],[25,-11],[18,-17],[99,176],[51,26],[-3,111],[75,47],[6,-47],[92,-12],[-51,-135],[36,-17],[24,31],[-8,-81],[-27,-31],[-22,35],[-95,-56],[-18,-49],[-5,15],[22,-121],[-60,-78],[10,-27],[-80,-64],[27,-77],[-53,-58],[-60,160],[0,154],[-37,-3],[-5,-29],[-30,-12],[4,-14],[-103,117],[-21,-11],[-3,33],[-36,-22],[41,130],[-25,10],[-33,-13],[-53,8],[-17,58],[8,17],[-8,19],[-6,27],[50,-24],[-13,19],[-27,4],[11,25],[6,4],[-10,31],[11,18],[-4,34],[16,53],[8,60],[-4,38],[-7,5],[-8,18],[-28,6],[-19,13],[-5,1],[42,-31],[9,-18],[1,-3],[1,-3],[0,-11],[0,-6],[1,-6],[1,-4],[0,-7],[-3,-30],[-5,-16],[-1,-6],[-8,-25]],[[8123,8936],[0,-5],[7,-3],[-1,-11],[3,-10],[2,-2],[5,10],[7,3],[2,24],[-4,5],[-2,3],[3,7],[-4,3],[-18,-24]],[[8456,8960],[-8,-7],[1,-14],[10,-2],[5,2],[7,7],[-2,3],[-5,2],[-6,5],[-2,4]],[[8334,8581],[5,2],[9,33],[9,-2],[20,28],[15,7],[9,-17],[-1,-32],[9,-73],[47,-51],[25,8],[-8,-17],[11,-20],[7,-26],[16,-25],[7,-21],[-3,-7],[4,-3],[-9,-26],[-14,-10],[3,-7],[-10,-12],[6,-49],[29,-20],[13,-36],[-6,-6],[4,-13],[-5,-8],[2,-10],[-12,-6],[-18,-25],[-24,20],[-18,29],[3,6],[-32,5],[3,23],[-9,-9],[5,9],[-8,5],[4,9],[-10,5],[2,7],[-29,76],[-1,9],[-9,5],[-11,18],[-9,32],[3,24],[16,11],[20,14],[-11,19],[7,2],[-3,5],[9,13],[-8,26],[-45,77],[-9,4]],[[8689,8645],[12,11],[-5,21],[28,5],[45,-42],[-1,-18],[55,-59],[-50,-21],[-12,-21],[-12,-5],[11,-64],[-16,-72],[33,-53],[-28,-2],[-5,8],[-34,53],[13,52],[-30,53],[8,12],[5,3],[-12,14],[10,47],[-3,62],[-12,16]],[[6648,9835],[39,-11],[314,-127],[71,-29],[52,-13]],[[6344,8653],[115,-50],[23,-4],[91,-55],[27,-21],[87,-34],[76,204]],[[6828,8675],[-1,-73],[0,-27],[-1,-12]],[[6786,8184],[-7,-21],[-15,-20]],[[6764,8143],[-8,1]],[[6756,8144],[-63,50],[-30,21],[-4,-12],[-7,-17],[-28,19],[-15,-16],[-139,100],[-27,-70],[-78,29],[-51,19],[2,16]],[[6316,8283],[-28,10],[-94,4]],[[7307,3544],[-5,1],[-2,1],[-9,6],[-10,8],[-13,14],[-5,6],[-2,3],[-3,4],[-2,4],[-1,4],[-1,3],[-1,0],[0,5],[-1,5],[1,6],[0,2],[1,0],[0,1],[1,1],[0,1],[2,1],[3,1],[1,1],[0,1],[2,8],[0,7],[1,4],[0,2],[1,0],[2,3],[3,3],[3,1],[17,-2],[-25,-46],[42,-59]],[[7126,3755],[-3,5],[2,-4],[18,-18],[0,1],[4,-6],[2,-3],[1,-1],[0,-1],[0,-1],[0,-4],[0,-1],[0,-1],[1,-1],[4,-3],[3,-3],[1,-2],[9,-4],[1,-1],[0,-1],[1,-1],[1,-6],[1,-3],[1,-1],[3,-2],[1,-1],[0,-1],[0,-1],[-1,-1],[-3,-2],[-1,-2],[-1,-6],[-1,-1],[-17,30],[-2,4],[-1,1],[-22,38],[-2,4]],[[2843,2736],[-28,54],[-36,30],[-32,53],[-36,61]],[[3222,3382],[2,0],[155,7]],[[3379,3389],[4,-265],[7,-45],[-222,-153],[-130,-127],[-27,-56],[-14,-26],[-8,-9],[-8,-12]],[[2981,2696],[-63,34],[-75,6]],[[8724,5903],[16,-46],[67,-192],[59,-93],[65,-54],[61,-50]],[[6903,8242],[21,35],[52,40],[157,46],[175,105],[97,-2]],[[7405,8466],[22,49],[76,91]],[[7686,8593],[29,-80],[-47,-33],[-27,-89],[-22,-29],[-94,-96],[-49,-33],[-34,-20],[-135,-146],[0,-1],[-233,-31]],[[7074,8035],[-3,25],[-167,57],[-25,0]],[[8528,7128],[-1,1],[0,1],[0,12],[0,3],[1,0],[0,1],[2,2],[1,0],[4,3],[1,0],[24,10],[3,2],[4,6],[2,2],[1,0],[2,1],[8,-1],[2,0],[2,0],[5,2],[4,1],[3,0],[4,-1],[5,-2],[3,-2],[8,-3],[9,-5],[1,0],[1,-2],[10,-13],[8,-9],[-2,2],[-13,10],[-83,4],[-20,-25],[1,0]],[[8503,7033],[0,1],[6,4],[0,2],[1,0],[2,2],[1,0],[4,3],[1,0],[2,0],[5,-4],[1,0],[5,-5],[-2,2],[-26,-4],[0,-1]],[[8359,7008],[9,8],[4,3],[3,1],[1,1],[5,1],[9,0],[19,-2],[5,1],[7,0],[0,-1],[-26,-4],[-26,-16],[-10,8]],[[2235,2685],[89,6]],[[2324,2691],[177,49],[43,9],[41,-2],[49,-19],[209,8]],[[2981,2696],[-32,-45],[-7,-28],[3,-42],[-5,-72],[25,-39]],[[6188,8280],[6,17]],[[6316,8283],[-2,-16],[52,-19],[77,-29],[27,70],[139,-100],[15,16],[28,-19],[7,17],[4,12],[30,-21],[63,-50]],[[6756,8144],[8,-1],[-11,-21],[-11,-33],[-5,-46],[-30,-4],[-7,-27],[-8,-52],[4,-33],[-32,-8],[-41,-28],[-1,0],[-71,0]],[[6324,7543],[20,66],[-93,32],[-10,-8],[-113,43],[-112,46],[-77,31],[60,140],[66,149]],[[4881,6027],[-31,-56]],[[5880,7274],[9,-51],[-7,-50],[-1,-30],[-8,-25],[-18,-13],[-39,-19],[-58,-40]],[[2324,2691],[-90,-6],[-79,-5]],[[1832,2682],[2,13]],[[6967,6530],[0,1],[1,1],[3,4],[3,3],[2,2],[1,2],[1,1],[2,1],[1,-1],[5,-4],[9,-8],[5,-4],[5,-5],[4,-4],[4,-4],[4,-4],[13,-14],[2,-2],[5,-5],[9,-12],[7,-8],[17,-7],[1,-2],[0,-1],[0,-1],[1,-2],[1,-2],[8,-13],[4,-5],[3,-4],[3,-6],[8,-13],[13,-22],[12,-23],[5,-9],[2,-2],[3,-2],[2,0],[1,0],[0,1],[1,0],[1,-1],[1,-1],[0,-1],[0,-1],[0,-2],[-1,-1],[1,-1],[0,-1],[13,-10],[12,-9],[5,-3],[10,-4],[3,-1],[13,-6],[10,-3],[2,-2],[4,-4],[2,-3],[2,-1],[2,-1],[3,0],[6,2],[1,0],[2,0],[1,0],[4,-1],[22,-9],[4,-3],[1,0],[1,-2],[6,-5],[-1,1],[-23,-18],[-33,17],[-38,27],[-36,18],[-56,82],[-90,110],[-25,11],[0,-1]]],"transform":{"scale":[0.000055668221167995826,0.000041970907285748205],"translate":[-74.2564538161861,40.495691577906]}}